                              @ 17   java.lang.String::isLatin1 (19 bytes)   inline
                              @ 27   java.lang.StringLatin1::hashCode (9 bytes)   inline
                                @ 5   jdk.internal.util.ArraysSupport::hashCodeOfUnsigned (55 bytes)   failed to inline: callee is too large
                              @ 37  java/lang/StringUTF16::hashCode (not loaded)   failed to inline: not inlineable
                              @ 1   java.lang.String::isLatin1 (19 bytes)   inline
                              @ 12   java.lang.StringLatin1::charAt (15 bytes)   inline
                                @ 3   java.lang.String::checkIndex (10 bytes)   inline
                                  @ 5   jdk.internal.util.Preconditions::checkIndex (18 bytes)   intrinsic
                              @ 21  java/lang/StringUTF16::charAt (not loaded)   failed to inline: not inlineable
                              @ 3   java.lang.String::checkIndex (10 bytes)   inline
                                @ 5   jdk.internal.util.Preconditions::checkIndex (18 bytes)   intrinsic
                              @ 5   jdk.internal.util.Preconditions::checkIndex (18 bytes)   intrinsic
                              @ 12   jdk.internal.util.Preconditions::outOfBoundsCheckIndex (25 bytes)   failed to inline: callee uses too much stack
                              @ 6   java.lang.String::coder (15 bytes)   inline
                              @ 6   java.lang.String::length (11 bytes)   inline
                                @ 6   java.lang.String::coder (15 bytes)   inline
                              @ 10   java.lang.String::length (11 bytes)   inline
                                @ 6   java.lang.String::coder (15 bytes)   inline
                              @ 39   java.lang.String::coder (15 bytes)   inline
                              @ 47   java.lang.String::coder (15 bytes)   inline
                              @ 70   jdk.internal.util.ArraysSupport::mismatch (103 bytes)   failed to inline: callee is too large
                              @ 101  java/lang/StringUTF16::getChar (not loaded)   failed to inline: not inlineable
                              @ 48   jdk.internal.util.ArraysSupport::vectorizedMismatch (268 bytes)   intrinsic
                              @ 3   java.lang.String::startsWith (123 bytes)   failed to inline: callee is too large
                              @ 44   java.lang.StringLatin1::equals (36 bytes)   failed to inline: callee is too large
                              @ 1   java.lang.String::isLatin1 (19 bytes)   inline
                              @ 18   java.lang.StringLatin1::indexOf (17 bytes)   inline
                                @ 1   java.lang.StringLatin1::canEncode (17 bytes)   inline
                                @ 13   java.lang.StringLatin1::indexOfChar (33 bytes)   failed to inline: callee is too large
                              @ 37  java/lang/StringUTF16::indexOf (not loaded)   failed to inline: not inlineable
                              @ 1   java.lang.String::isLatin1 (19 bytes)   inline (hot)
                              @ 12   java.lang.StringLatin1::charAt (15 bytes)   inline (hot)
                                @ 3   java.lang.String::checkIndex (10 bytes)   inline (hot)
                                  @ 5   jdk.internal.util.Preconditions::checkIndex (18 bytes)   (intrinsic)
                              @ 1   java.lang.StringLatin1::canEncode (17 bytes)   inline
                              @ 14   java.lang.Math::min (11 bytes)   inline
                              @ 1   java.lang.String::length (11 bytes)   inline
                                @ 6   java.lang.String::coder (15 bytes)   inline
                              @ 14   java.lang.String::charAt (25 bytes)   inline
                                @ 1   java.lang.String::isLatin1 (19 bytes)   inline
                                @ 12   java.lang.StringLatin1::charAt (15 bytes)   inline
                                  @ 3   java.lang.String::checkIndex (10 bytes)   inline
                                    @ 5   jdk.internal.util.Preconditions::checkIndex (18 bytes)   intrinsic
                                @ 21  java/lang/StringUTF16::charAt (not loaded)   failed to inline: not inlineable
                              @ 70   sun.net.www.ParseUtil::match (50 bytes)   failed to inline: callee is too large
                              @ 3   java.lang.String::startsWith (7 bytes)   inline
                                @ 3   java.lang.String::startsWith (123 bytes)   failed to inline: callee is too large
                              @ 2   java.io.UnixFileSystem::isAbsolute (13 bytes)   inline
                                @ 1   java.io.File::getPrefixLength (5 bytes)   inline
                              @ 9   java.io.File::getPath (5 bytes)   inline
                              @ 19   java.io.File::getPath (5 bytes)   inline
                              @ 22   java.io.UnixFileSystem::resolve (110 bytes)   failed to inline: callee is too large
                              @ 3   java.lang.String::length (11 bytes)   inline
                                @ 6   java.lang.String::coder (15 bytes)   inline
                              @ 7   java.lang.String::length (11 bytes)   inline
                                @ 6   java.lang.String::coder (15 bytes)   inline
                              @ 11   java.lang.String::startsWith (123 bytes)   failed to inline: callee is too large
                              @ 13   java.io.UnixFileSystem::isInvalid (17 bytes)   inline
                                @ 1   java.io.File::getPath (5 bytes)   inline
                                @ 5   java.lang.String::indexOf (41 bytes)   failed to inline: callee is too large
                              @ 1   java.io.File::getPath (5 bytes)   inline
                              @ 5   java.lang.String::indexOf (41 bytes)   failed to inline: callee is too large
                              @ 1   java.lang.Object::<init> (1 bytes)   inline
                              @ 14   java.lang.String::length (11 bytes)   inline
                                @ 6   java.lang.String::coder (15 bytes)   inline
                              @ 18   java.lang.String::length (11 bytes)   inline
                                @ 6   java.lang.String::coder (15 bytes)   inline
                              @ 30   java.lang.String::length (11 bytes)   inline
                                @ 6   java.lang.String::coder (15 bytes)   inline
                              @ 33   java.lang.String::regionMatches (150 bytes)   failed to inline: callee is too large
                              @ 11   java.lang.Object::clone (0 bytes)   intrinsic
                              @ 34   java.lang.StringBuilder::<init> (7 bytes)   inline
                                @ 3   java.lang.AbstractStringBuilder::<init> (39 bytes)   failed to inline: callee is too large
                              @ 38   java.lang.StringBuilder::append (8 bytes)   inline
                                @ 2   java.lang.AbstractStringBuilder::append (72 bytes)   failed to inline: callee is too large
                              @ 44   java.lang.StringBuilder::append (8 bytes)   inline
                                @ 2   java.lang.AbstractStringBuilder::append (100 bytes)   failed to inline: callee is too large
                              @ 48   java.lang.StringBuilder::append (8 bytes)   inline
                                @ 2   java.lang.AbstractStringBuilder::append (72 bytes)   failed to inline: callee is too large
                              @ 51   java.lang.StringBuilder::toString (20 bytes)   inline
                                @ 1   java.lang.StringBuilder::length (5 bytes)   inline
                                  @ 1   java.lang.AbstractStringBuilder::length (5 bytes)   inline
                                             @ 16   java.lang.String::        <init> (98 bytes)   failed to inline: callee is too large
                            @ 6   java.lang.String::           @ 54   java.lang.IllegalArgumentException::coder (15 bytes)   inline (hot)
<init> (6 bytes)   failed to inline: don't inline Throwable constructors
                              @ 73   java.lang.Math::min (11 bytes)   inline
                              @ 76   java.lang.System::arraycopy (0 bytes)   intrinsic
                              @ 1   java.lang.String::length (11 bytes)   inline
                                @ 6   java.lang.String::coder (15 bytes)   inline
                              @ 8   java.lang.String::checkBoundsBeginEnd (11 bytes)   inline
                                @ 6   jdk.internal.util.Preconditions::checkFromToIndex (24 bytes)   inline
                                  @ 18   jdk.internal.util.Preconditions::outOfBoundsCheckFromToIndex (32 bytes)   failed to inline: callee is too large
                              @ 28   java.lang.String::isLatin1 (19 bytes)   inline
                              @ 41   java.lang.StringLatin1::newString (24 bytes)   failed to inline: callee uses too much stack
                              @ 54  java/lang/StringUTF16::newString (not loaded)   failed to inline: not inlineable
                              @ 5   java.util.Objects::checkIndex (7 bytes)   force inline by annotation
                                @ 3   jdk.internal.util.Preconditions::checkIndex (18 bytes)   intrinsic
                              @ 11   java.util.ArrayList::elementData (7 bytes)   inline
                              @ 3   jdk.internal.util.Preconditions::checkIndex (18 bytes)   intrinsic
=================================================
  ERDDAP Panama-backed DoubleArray Benchmark
=================================================
Array size:                               @ 20   java.util.HashMap::resize (356 bytes)   failed to inline: callee is too large
                              @ 56   java.util.HashMap::newNode (13 bytes)   failed to inline: callee uses too much stack
                              @ 91   java.lang.Object::equals (11 bytes)   failed to inline: no static binding
                              @ 123   java.util.HashMap$TreeNode::putTreeVal (314 bytes)   failed to inline: callee's klass not linked yet
                              @ 152   java.util.HashMap::newNode (13 bytes)   failed to inline: callee uses too much stack
                              @ 169   java.util.HashMap::treeifyBin (110 bytes)   failed to inline: callee is too large
                              @ 203   java.lang.Object::equals (11 bytes)   failed to inline: no static binding
                              @ 253   java.util.HashMap::afterNodeAccess (1 bytes)   inline
                              @ 288   java.util.HashMap::resize (356 bytes)   failed to inline: callee is too large
                              @ 295   java.util.HashMap::afterNodeInsertion (1 bytes)   inline
                              @ 9   java.lang.Object::hashCode (0 bytes)   failed to inline: no static binding
                              @ 8   java.lang.NullPointerException::<init> (5 bytes)   failed to inline: don't inline Throwable constructors
                              @ 14   jdk.internal.misc.Unsafe::getReferenceAcquire (7 bytes)   inline
                                @ 3   jdk.internal.misc.Unsafe::getReferenceVolatile (0 bytes)   intrinsic
                              @ 3   jdk.internal.misc.Unsafe::getReferenceVolatile (0 bytes)   intrinsic
                              @ 1   java.lang.Object::<init> (1 bytes)   inline
                              @ 6   jdk.internal.util.Preconditions::checkFromToIndex (24 bytes)   inline
                                @ 18   jdk.internal.util.Preconditions::outOfBoundsCheckFromToIndex (32 bytes)   failed to inline: callee is too large
                              @ 9   jdk.internal.vm.ContinuationSupport::pinIfSupported (10 bytes)   inline
                                @ 0   jdk.internal.vm.ContinuationSupport::isSupported (4 bytes)   inline
                                @ 6   jdk.internal.vm.Continuation::pin (0 bytes)   failed to inline: native method
                              @ 20   java.lang.ref.ReferenceQueue::poll0 (65 bytes)   failed to inline: callee is too large
                              @ 38   jdk.internal.vm.ContinuationSupport::unpinIfSupported (10 bytes)   inline
                                @ 0   jdk.internal.vm.ContinuationSupport::isSupported (4 bytes)   inline
                                @ 6   jdk.internal.vm.Continuation::unpin (0 bytes)   failed to inline: native method
                              @ 26   jdk.internal.vm.ContinuationSupport::unpinIfSupported (10 bytes)   inline
                                @ 0   jdk.internal.vm.ContinuationSupport::isSupported (4 bytes)   inline
                                @ 6   jdk.internal.vm.Continuation::unpin (0 bytes)   failed to inline: native method
               !m             @ 4   java.lang.ref.ReferenceQueue::poll (44 bytes)   failed to inline: callee is too large
                              @ 20   java.util.Map::remove (0 bytes)   failed to inline: no static binding
                              @ 20   java.util.ArrayList::add (23 bytes)   inline
                                @ 7   java.util.ArrayList::grow (11 bytes)   inline
                                  @ 7   java.util.ArrayList::grow (60 bytes)   failed to inline: callee is too large
                              @ 21   java.lang.CharSequence::charAt (0 bytes)   failed to inline: no static binding
                              @ 26   java.util.regex.Pattern$$Lambda/0x800000027::is (9 bytes)   inline
                                @ 5   java.util.regex.Pattern::lambda$Single$0 (11 bytes)   inline
                              @ 70   java.util.regex.Pattern$Node::match (27 bytes)   failed to inline: no static binding
                              @ 16   java.util.Arrays::copyOfRange (82 bytes)   failed to inline: callee is too large
                              @ 20   java.lang.String::<init> (15 bytes)   inline
                                @ 1   java.lang.Object::<init> (1 bytes)   inline
                              @ 7   java.util.ArrayList::grow (11 bytes)   inline
                                @ 7   java.util.ArrayList::grow (60 bytes)   failed to inline: callee is too large
                              @ 1   java.util.regex.Matcher::hasMatch (13 bytes)   inline
                              @ 14  java/lang/IllegalStateException::<init> (not loaded)   failed to inline: not inlineable
                              @ 44   java.util.regex.Pattern$Node::match (27 bytes)   failed to inline: no static binding
                              @ 94   java.util.regex.IntHashSet::clear (22 bytes)   failed to inline: no static binding
                              @ 121   java.util.regex.Pattern$Node::match (27 bytes)   failed to inline: no static binding
                              @ 1   java.util.regex.Matcher::checkMatch (19 bytes)   inline
                                @ 1   java.util.regex.Matcher::hasMatch (13 bytes)   inline
                                @ 14  java/lang/IllegalStateException::<init> (not loaded)   failed to inline: not inlineable
                              @ 65   java.util.regex.Matcher::search (154 bytes)   failed to inline: callee is too large
                              @ 23   java.lang.Byte::toUnsignedInt (6 bytes)   inline
                              @ 1   java.lang.Object::hashCode (0 bytes)   failed to inline: no static binding
                              @ 9   java.lang.Math::floorMod (20 bytes)   inline
                              @ 31   java.lang.Object::equals (11 bytes)   failed to inline: no static binding
                              @ 39   java.lang.Byte::toUnsignedInt (6 bytes)   inline
                              @ 51   jdk.internal.util.ArraysSupport::vectorizedHashCode (158 bytes)   failed to inline: callee is too large
                              @ 51   jdk.internal.util.ArraysSupport::unsignedHashCode (36 bytes)   failed to inline: callee is too large
                              @ 71   jdk.internal.util.ArraysSupport::utf16hashCode (40 bytes)   failed to inline: callee is too large
                              @ 84   jdk.internal.util.ArraysSupport::hashCode (33 bytes)   failed to inline: callee uses too much stack
                              @ 97   jdk.internal.util.ArraysSupport::hashCode (33 bytes)   failed to inline: callee uses too much stack
                              @ 110   jdk.internal.util.ArraysSupport::hashCode (33 bytes)   failed to inline: callee uses too much stack
                              @ 123   jdk.internal.util.ArraysSupport::hashCode (33 bytes)   failed to inline: callee uses too much stack
                              @ 137   java.lang.StringBuilder::<init> (7 bytes)   inline
                                @ 3   java.lang.AbstractStringBuilder::<init> (39 bytes)   failed to inline: callee is too large
                              @ 142   java.lang.StringBuilder::append (8 bytes)   inline
                                @ 2   java.lang.AbstractStringBuilder::append (100 bytes)   failed to inline: callee is too large
                              @ 147   java.lang.StringBuilder::append (8 bytes)   inline
                                @ 2   java.lang.AbstractStringBuilder::append (72 bytes)   failed to inline: callee is too large
                              @ 150   java.lang.StringBuilder::toString (20 bytes)   inline
                                @ 1   java.lang.StringBuilder::length (5 bytes)   inline
                                  @ 1   java.lang.AbstractStringBuilder::length (5 bytes)   inline
                                @ 16   java.lang.String::<init> (98 bytes)   failed to inline: callee is too large
                              @ 153   java.lang.IllegalArgumentException::<init> (6 bytes)   failed to inline: don't inline Throwable constructors
                              @ 3   java.lang.String::substring (58 bytes)   failed to inline: callee is too large
                              @ 1   java.util.regex.Matcher::checkMatch (19 bytes)   inline
                                @ 1   java.util.regex.Matcher::hasMatch (13 bytes)   inline
                                @ 14  java/lang/IllegalStateException::<init> (not loaded)   failed to inline: not inlineable
                              @ 5   java.util.regex.Pattern::lambda$Single$0 (11 bytes)   inline
                              @ 14   java.lang.Class::initClassName (0 bytes)   failed to inline: native method
                              @ 4   java.lang.invoke.MemberName::anyFlagSet (15 bytes)   inline
                              @ 21   java.lang.String::charAt (25 bytes)   inline (hot)   callee changed to  java.util.regex.Pattern$BmpCharPropertyGreedy::match (89 bytes)    \-> TypeProfile (6437/6437 counts) = java/lang/String
                                @ 1   java.lang.String::isLatin1 (19 bytes)   inline (hot)
                                @ 12   java.lang.StringLatin1::charAt (15 bytes)   inline (hot)
                                  @ 3   java.lang.String::checkIndex (10 bytes)   inline (hot)
                                    @ 5   jdk.internal.util.Preconditions::checkIndex (18 bytes)   (intrinsic)
                              @ 26   java.util.regex.Pattern$$Lambda/0x800000027::is (9 bytes)                              @ 9   java.lang.NullPointerException::<init> (6 bytes)   failed to inline: don't inline Throwable constructors
   inline (hot)   callee changed to  java.util.regex.Pattern$BmpCharPropertyGreedy::match (89 bytes)    \-> TypeProfile (6437/6437 counts) = java/util/regex/Pattern$$Lambda+0x800000027
                                @ 5   java.util.regex.Pattern::lambda$Single$0 (11 bytes)   inline (hot)
                              @ 70   java.util.regex.Pattern$LastNode::match (45 bytes)   failed to inline: too big   callee changed to  java.util.regex.Pattern$BmpCharPropertyGreedy::match (89 bytes)    \-> TypeProfile (809/809 counts) = java/util/regex/Pattern$LastNode
                              @ 9   java.util.HashMap$Node::<init> (26 bytes)   inline
                                @ 1   java.lang.Object::<init> (1 bytes)   inline
                              @ 1   java.lang.Object::<init> (1 bytes)   inline
                              @ 2   java.util.HashMap::hash (20 bytes)   inline
                                @ 9   java.lang.Object::hashCode (0 bytes)   failed to inline: no static binding
                              @ 9   java.util.HashMap::putVal (300 bytes)   failed to inline: callee is too large
10,000,000 elements
Warmup and running 5 trials per pattern...

                              @ 9   jdk.internal.misc.Unsafe::compareAndSetLong (0 bytes)   intrinsic
                              @ 3   java.util.Random::next (47 bytes)   failed to inline: callee is too large
                              @ 13   java.util.Random::next (47 bytes)   failed to inline: callee is too large
                              @ 8   java.util.concurrent.atomic.AtomicLong::get (5 bytes)   inline
                              @ 32   java.util.concurrent.atomic.AtomicLong::compareAndSet (13 bytes)   failed to inline: callee uses too much stack
                              @ 9   jdk.internal.misc.Unsafe::compareAndSetLong (0 bytes)   (intrinsic)
                              @ 8   java.util.concurrent.atomic.AtomicLong::get (5 bytes)   accessor
                              @ 32   java.util.concurrent.atomic.AtomicLong::compareAndSet (13 bytes)   inline (hot)
                                @ 9   jdk.internal.misc.Unsafe::compareAndSetLong (0 bytes)   (intrinsic)
                              @ 3   java.util.Random::next (47 bytes)   inline (hot)
                                @ 8   java.util.concurrent.atomic.AtomicLong::get (5 bytes)   accessor
                                @ 32   java.util.concurrent.atomic.AtomicLong::compareAndSet (13 bytes)   inline (hot)
                                  @ 9   jdk.internal.misc.Unsafe::compareAndSetLong (0 bytes)   (intrinsic)
                              @ 13   java.util.Random::next (47 bytes)   inline (hot)
                                @ 8   java.util.concurrent.atomic.AtomicLong::get (5 bytes)   accessor
                                @ 32   java.util.concurrent.atomic.AtomicLong::compareAndSet (13 bytes)   inline (hot)
                                  @ 9   jdk.internal.misc.Unsafe::compareAndSetLong (0 bytes)   (intrinsic)
               !m             @ 5   java.io.PrintStream::println (44 bytes)   failed to inline: callee is too large
               !m             @ 13   java.io.PrintStream::println (44 bytes)   failed to inline: callee is too large
               !m             @ 21   java.io.PrintStream::println (44 bytes)   failed to inline: callee is too large
                              @ 37   java.lang.Integer::valueOf (32 bytes)   inline
                                @ 28   java.lang.Integer::<init> (10 bytes)   inline
                                  @ 1   java.lang.Number::<init> (5 bytes)   inline
                                    @ 1   java.lang.Object::<init> (1 bytes)   inline
                              @ 41   java.io.PrintStream::printf (7 bytes)   inline
               !m               @ 3   java.io.PrintStream::format (92 bytes)   failed to inline: callee is too large
                              @ 57   java.lang.Integer::valueOf (32 bytes)   inline
                              @ 61   java.io.PrintStream::printf (7 bytes)   inline
               !m               @ 3   java.io.PrintStream::format (92 bytes)   failed to inline: callee is too large
                              @ 77   java.util.Random::<init> (53 bytes)   failed to inline: callee is too large
                              @ 92   java.util.Random::nextDouble (24 bytes)   inline
                                @ 3   java.util.Random::next (47 bytes)   failed to inline: callee is too large
                                @ 13   java.util.Random::next (47 bytes)   failed to inline: callee is too large
                              @ 109  com/cohort/array/DoubleArray::<init> (not loaded)   failed to inline: not inlineable
                              @ 130  com/cohort/array/DoubleArray::set (not loaded)   failed to inline: not inlineable
                              @ 163   java.util.Random::nextInt (74 bytes)   failed to inline: callee is too large
               !m             @ 178   java.io.PrintStream::println (44 bytes)   failed to inline: callee is too large
                              @ 183   com.cohort.array.PanamaArrayBenchmark::runSequentialRead (11 bytes)   inline
                                @ 1   com.cohort.array.PanamaArrayBenchmark::runSequentialReadStandard (24 bytes)   failed to inline: callee uses too much stack
                                @ 6   com.cohort.array.PanamaArrayBenchmark::runSequentialReadPanama (33 bytes)   failed to inline: callee is too large
                              @ 190   com.cohort.array.PanamaArrayBenchmark::runStrideAccess (13 bytes)   inline
                                @ 2   com.cohort.array.PanamaArrayBenchmark::runStrideAccessStandard (42 bytes)   failed to inline: callee is too large
                                @ 8   com.cohort.array.PanamaArrayBenchmark::runStrideAccessPanama (44 bytes)   failed to inline: callee is too large
                              @ 195   com.cohort.array.PanamaArrayBenchmark::runSlicing (11 bytes)   inline
                                @ 1   com.cohort.array.PanamaArrayBenchmark::runSlicingStandard (46 bytes)   failed to inline: callee is too large
                                @ 6   com.cohort.array.PanamaArrayBenchmark::runSlicingPanama (64 bytes)   failed to inline: callee is too large
               !m             @ 203   java.io.PrintStream::println (44 bytes)   failed to inline: callee is too large
                              @ 246   java.lang.Integer::valueOf (32 bytes)   inline
                                @ 28   java.lang.Integer::<init> (10 bytes)   inline
                                  @ 1   java.lang.Number::<init> (5 bytes)   inline
                                    @ 1   java.lang.Object::<init> (1 bytes)   inline
                              @ 250   java.io.PrintStream::printf (7 bytes)   inline
               !m               @ 3   java.io.PrintStream::format (92 bytes)   failed to inline: callee is too large
                              @ 254   java.lang.System::nanoTime (0 bytes)   intrinsic
                              @ 260   com.cohort.array.PanamaArrayBenchmark::runSequentialReadStandard (24 bytes)   failed to inline: callee uses too much stack
                              @ 265   java.lang.System::nanoTime (0 bytes)   intrinsic
                              @ 289   java.lang.System::nanoTime (0 bytes)   intrinsic
                              @ 295   com.cohort.array.PanamaArrayBenchmark::runSequentialReadPanama (33 bytes)   failed to inline: callee uses too much stack
                              @ 300   java.lang.System::nanoTime (0 bytes)   intrinsic
                              @ 337  java/lang/Double::valueOf (not loaded)   failed to inline: not inlineable
                              @ 345  java/lang/Double::valueOf (not loaded)   failed to inline: not inlineable
                              @ 353  java/lang/Double::valueOf (not loaded)   failed to inline: not inlineable
                              @ 361  java/lang/Double::valueOf (not loaded)   failed to inline: not inlineable
                              @ 365   java.io.PrintStream::printf (7 bytes)   inline
               !m               @ 3   java.io.PrintStream::format (92 bytes)   failed to inline: callee is too large
                              @ 369   java.lang.System::nanoTime (0 bytes)   intrinsic
                              @ 377   com.cohort.array.PanamaArrayBenchmark::runStrideAccessStandard (42 bytes)   failed to inline: callee is too large
                              @ 382   java.lang.System::nanoTime (0 bytes)   intrinsic
                              @ 406   java.lang.System::nanoTime (0 bytes)   intrinsic
                              @ 414   com.cohort.array.PanamaArrayBenchmark::runStrideAccessPanama (44 bytes)   failed to inline: callee is too large
                              @ 419   java.lang.System::nanoTime (0 bytes)   intrinsic
                              @ 456  java/lang/Double::valueOf (not loaded)   failed to inline: not inlineable
                              @ 464  java/lang/Double::valueOf (not loaded)   failed to inline: not inlineable
                              @ 472  java/lang/Double::valueOf (not loaded)   failed to inline: not inlineable
                              @ 480  java/lang/Double::valueOf (not loaded)   failed to inline: not inlineable
                              @ 484   java.io.PrintStream::printf (7 bytes)   inline
               !m               @ 3   java.io.PrintStream::format (92 bytes)   failed to inline: callee is too large
                              @ 488   java.lang.System::nanoTime (0 bytes)   intrinsic
                              @ 494   com.cohort.array.PanamaArrayBenchmark::runSlicingStandard (46 bytes)   failed to inline: callee is too large
                              @ 499   java.lang.System::nanoTime (0 bytes)   intrinsic
                              @ 523   java.lang.System::nanoTime (0 bytes)   intrinsic
                              @ 529   com.cohort.array.PanamaArrayBenchmark::runSlicingPanama (64 bytes)   failed to inline: callee is too large
                              @ 534   java.lang.System::nanoTime (0 bytes)   intrinsic
                              @ 571  java/lang/Double::valueOf (not loaded)   failed to inline: not inlineable
                              @ 579  java/lang/Double::valueOf (not loaded)   failed to inline: not inlineable
                              @ 587   java.lang.Integer::valueOf (32 bytes)   inline
                                @ 28   java.lang.Integer::<init> (10 bytes)   inline
                                  @ 1   java.lang.Number::<init> (5 bytes)   inline
                                    @ 1   java.lang.Object::<init> (1 bytes)   inline
                              @ 591   java.io.PrintStream::printf (7 bytes)   inline
               !m               @ 3   java.io.PrintStream::format (92 bytes)   failed to inline: callee is too large
               !m             @ 606   java.io.PrintStream::println (44 bytes)   failed to inline: callee is too large
               !m             @ 614   java.io.PrintStream::println (44 bytes)   failed to inline: callee is too large
               !m             @ 622   java.io.PrintStream::println (44 bytes)   failed to inline: callee is too large
                              @ 634   java.io.PrintStream::printf (7 bytes)   inline
               !m               @ 3   java.io.PrintStream::format (92 bytes)   failed to inline: callee is too large
                              @ 655  java/lang/Double::valueOf (not loaded)   failed to inline: not inlineable
                              @ 659   java.io.PrintStream::printf (7 bytes)   inline
               !m               @ 3   java.io.PrintStream::format (92 bytes)   failed to inline: callee is too large
                              @ 680  java/lang/Double::valueOf (not loaded)   failed to inline: not inlineable
                              @ 684   java.io.PrintStream::printf (7 bytes)   inline
               !m               @ 3   java.io.PrintStream::format (92 bytes)   failed to inline: callee is too large
                              @ 697   java.io.PrintStream::printf (7 bytes)   inline
               !m               @ 3   java.io.PrintStream::format (92 bytes)   failed to inline: callee is too large
                              @ 718  java/lang/Double::valueOf (not loaded)   failed to inline: not inlineable
                              @ 722   java.io.PrintStream::printf (7 bytes)   inline
               !m               @ 3   java.io.PrintStream::format (92 bytes)   failed to inline: callee is too large
                              @ 743  java/lang/Double::valueOf (not loaded)   failed to inline: not inlineable
                              @ 747   java.io.PrintStream::printf (7 bytes)   inline
               !m               @ 3   java.io.PrintStream::format (92 bytes)   failed to inline: callee is too large
                              @ 760   java.io.PrintStream::printf (7 bytes)   inline
               !m               @ 3   java.io.PrintStream::format (92 bytes)   failed to inline: callee is too large
                              @ 781  java/lang/Double::valueOf (not loaded)   failed to inline: not inlineable
                              @ 785   java.io.PrintStream::printf (7 bytes)   inline
               !m               @ 3   java.io.PrintStream::format (92 bytes)   failed to inline: callee is too large
                              @ 806  java/lang/Double::valueOf (not loaded)   failed to inline: not inlineable
                              @ 810   java.io.PrintStream::printf (7 bytes)   inline
               !m               @ 3   java.io.PrintStream::format (92 bytes)   failed to inline: callee is too large
               !m             @ 819   java.io.PrintStream::println (44 bytes)   failed to inline: callee is too large
               !m             @ 5   java.io.PrintStream::println (44 bytes)   failed to inline: callee is too large
               !m             @ 13   java.io.PrintStream::println (44 bytes)   failed to inline: callee is too large
               !m             @ 21   java.io.PrintStream::println (44 bytes)   failed to inline: callee is too large
                              @ 37   java.lang.Integer::valueOf (32 bytes)   inline
                                @ 28   java.lang.Integer::<init> (10 bytes)   inline
                                  @ 1   java.lang.Number::<init> (5 bytes)   inline
                                    @ 1   java.lang.Object::<init> (1 bytes)   inline
                              @ 41   java.io.PrintStream::printf (7 bytes)   inline
               !m               @ 3   java.io.PrintStream::format (92 bytes)   failed to inline: callee is too large
                              @ 57   java.lang.Integer::valueOf (32 bytes)   inline
                              @ 61   java.io.PrintStream::printf (7 bytes)   inline
               !m               @ 3   java.io.PrintStream::format (92 bytes)   failed to inline: callee is too large
                              @ 77   java.util.Random::<init> (53 bytes)   failed to inline: callee is too large
                              @ 92   java.util.Random::nextDouble (24 bytes)   inline
                                @ 3   java.util.Random::next (47 bytes)   failed to inline: callee is too large
                                @ 13   java.util.Random::next (47 bytes)   failed to inline: callee is too large
                              @ 109  com/cohort/array/DoubleArray::<init> (not loaded)   failed to inline: not inlineable
                              @ 130  com/cohort/array/DoubleArray::set (not loaded)   failed to inline: not inlineable
                              @ 163   java.util.Random::nextInt (74 bytes)   failed to inline: callee is too large
               !m             @ 178   java.io.PrintStream::println (44 bytes)   failed to inline: callee is too large
                              @ 183   com.cohort.array.PanamaArrayBenchmark::runSequentialRead (11 bytes)   inline
                                @ 1   com.cohort.array.PanamaArrayBenchmark::runSequentialReadStandard (24 bytes)   failed to inline: callee uses too much stack
                                @ 6   com.cohort.array.PanamaArrayBenchmark::runSequentialReadPanama (33 bytes)   failed to inline: callee is too large
                              @ 190   com.cohort.array.PanamaArrayBenchmark::runStrideAccess (13 bytes)   inline
                                @ 2   com.cohort.array.PanamaArrayBenchmark::runStrideAccessStandard (42 bytes)   failed to inline: callee is too large
                                @ 8   com.cohort.array.PanamaArrayBenchmark::runStrideAccessPanama (44 bytes)   failed to inline: callee is too large
                              @ 195   com.cohort.array.PanamaArrayBenchmark::runSlicing (11 bytes)   inline
                                @ 1   com.cohort.array.PanamaArrayBenchmark::runSlicingStandard (46 bytes)   failed to inline: callee is too large
                                @ 6   com.cohort.array.PanamaArrayBenchmark::runSlicingPanama (64 bytes)   failed to inline: callee is too large
               !m             @ 203   java.io.PrintStream::println (44 bytes)   failed to inline: callee is too large
                              @ 246   java.lang.Integer::valueOf (32 bytes)   inline
                                @ 28   java.lang.Integer::<init> (10 bytes)   inline
                                  @ 1   java.lang.Number::<init> (5 bytes)   inline
                                    @ 1   java.lang.Object::<init> (1 bytes)   inline
                              @ 250   java.io.PrintStream::printf (7 bytes)   inline
               !m               @ 3   java.io.PrintStream::format (92 bytes)   failed to inline: callee is too large
                              @ 254   java.lang.System::nanoTime (0 bytes)   intrinsic
                              @ 260   com.cohort.array.PanamaArrayBenchmark::runSequentialReadStandard (24 bytes)   failed to inline: callee uses too much stack
                              @ 265   java.lang.System::nanoTime (0 bytes)   intrinsic
                              @ 289   java.lang.System::nanoTime (0 bytes)   intrinsic
                              @ 295   com.cohort.array.PanamaArrayBenchmark::runSequentialReadPanama (33 bytes)   failed to inline: callee uses too much stack
                              @ 300   java.lang.System::nanoTime (0 bytes)   intrinsic
                              @ 337  java/lang/Double::valueOf (not loaded)   failed to inline: not inlineable
                              @ 345  java/lang/Double::valueOf (not loaded)   failed to inline: not inlineable
                              @ 353  java/lang/Double::valueOf (not loaded)   failed to inline: not inlineable
                              @ 361  java/lang/Double::valueOf (not loaded)   failed to inline: not inlineable
                              @ 365   java.io.PrintStream::printf (7 bytes)   inline
               !m               @ 3   java.io.PrintStream::format (92 bytes)   failed to inline: callee is too large
                              @ 369   java.lang.System::nanoTime (0 bytes)   intrinsic
                              @ 377   com.cohort.array.PanamaArrayBenchmark::runStrideAccessStandard (42 bytes)   failed to inline: callee is too large
                              @ 382   java.lang.System::nanoTime (0 bytes)   intrinsic
                              @ 406   java.lang.System::nanoTime (0 bytes)   intrinsic
                              @ 414   com.cohort.array.PanamaArrayBenchmark::runStrideAccessPanama (44 bytes)   failed to inline: callee is too large
                              @ 419   java.lang.System::nanoTime (0 bytes)   intrinsic
                              @ 456  java/lang/Double::valueOf (not loaded)   failed to inline: not inlineable
                              @ 464  java/lang/Double::valueOf (not loaded)   failed to inline: not inlineable
                              @ 472  java/lang/Double::valueOf (not loaded)   failed to inline: not inlineable
                              @ 480  java/lang/Double::valueOf (not loaded)   failed to inline: not inlineable
                              @ 484   java.io.PrintStream::printf (7 bytes)   inline
               !m               @ 3   java.io.PrintStream::format (92 bytes)   failed to inline: callee is too large
                              @ 488   java.lang.System::nanoTime (0 bytes)   intrinsic
                              @ 494   com.cohort.array.PanamaArrayBenchmark::runSlicingStandard (46 bytes)   failed to inline: callee is too large
                              @ 499   java.lang.System::nanoTime (0 bytes)   intrinsic
                              @ 523   java.lang.System::nanoTime (0 bytes)   intrinsic
                              @ 529   com.cohort.array.PanamaArrayBenchmark::runSlicingPanama (64 bytes)   failed to inline: callee is too large
                              @ 534   java.lang.System::nanoTime (0 bytes)   intrinsic
                              @ 571  java/lang/Double::valueOf (not loaded)   failed to inline: not inlineable
                              @ 579  java/lang/Double::valueOf (not loaded)   failed to inline: not inlineable
                              @ 587   java.lang.Integer::valueOf (32 bytes)   inline
                                @ 28   java.lang.Integer::<init> (10 bytes)   inline
                                  @ 1   java.lang.Number::<init> (5 bytes)   inline
                                    @ 1   java.lang.Object::<init> (1 bytes)   inline
                              @ 591   java.io.PrintStream::printf (7 bytes)   inline
               !m               @ 3   java.io.PrintStream::format (92 bytes)   failed to inline: callee is too large
               !m             @ 606   java.io.PrintStream::println (44 bytes)   failed to inline: callee is too large
               !m             @ 614   java.io.PrintStream::println (44 bytes)   failed to inline: callee is too large
               !m             @ 622   java.io.PrintStream::println (44 bytes)   failed to inline: callee is too large
                              @ 634   java.io.PrintStream::printf (7 bytes)   inline
               !m               @ 3   java.io.PrintStream::format (92 bytes)   failed to inline: callee is too large
                              @ 655  java/lang/Double::valueOf (not loaded)   failed to inline: not inlineable
                              @ 659   java.io.PrintStream::printf (7 bytes)   inline
               !m               @ 3   java.io.PrintStream::format (92 bytes)   failed to inline: callee is too large
                              @ 680  java/lang/Double::valueOf (not loaded)   failed to inline: not inlineable
                              @ 684   java.io.PrintStream::printf (7 bytes)   inline
               !m               @ 3   java.io.PrintStream::format (92 bytes)   failed to inline: callee is too large
                              @ 697   java.io.PrintStream::printf (7 bytes)   inline
               !m               @ 3   java.io.PrintStream::format (92 bytes)   failed to inline: callee is too large
                              @ 718  java/lang/Double::valueOf (not loaded)   failed to inline: not inlineable
                              @ 722   java.io.PrintStream::printf (7 bytes)   inline
               !m               @ 3   java.io.PrintStream::format (92 bytes)   failed to inline: callee is too large
                              @ 743  java/lang/Double::valueOf (not loaded)   failed to inline: not inlineable
                              @ 747   java.io.PrintStream::printf (7 bytes)   inline
               !m               @ 3   java.io.PrintStream::format (92 bytes)   failed to inline: callee is too large
                              @ 760   java.io.PrintStream::printf (7 bytes)   inline
               !m               @ 3   java.io.PrintStream::format (92 bytes)   failed to inline: callee is too large
                              @ 781  java/lang/Double::valueOf (not loaded)   failed to inline: not inlineable
                              @ 785   java.io.PrintStream::printf (7 bytes)   inline
               !m               @ 3   java.io.PrintStream::format (92 bytes)   failed to inline: callee is too large
                              @ 806  java/lang/Double::valueOf (not loaded)   failed to inline: not inlineable
                              @ 810   java.io.PrintStream::printf (7 bytes)   inline
               !m               @ 3   java.io.PrintStream::format (92 bytes)   failed to inline: callee is too large
               !m             @ 819   java.io.PrintStream::println (44 bytes)   failed to inline: callee is too large
                              @ 92   java.util.Random::nextDouble (24 bytes)   inline (hot)
                                @ 3   java.util.Random::next (47 bytes)   inline (hot)
                                  @ 8   java.util.concurrent.atomic.AtomicLong::get (5 bytes)   accessor
                                  @ 32   java.util.concurrent.atomic.AtomicLong::compareAndSet (13 bytes)   inline (hot)
                                    @ 9   jdk.internal.misc.Unsafe::compareAndSetLong (0 bytes)   (intrinsic)
                                @ 13   java.util.Random::next (47 bytes)   inline (hot)
                                  @ 8   java.util.concurrent.atomic.AtomicLong::get (5 bytes)   accessor
                                  @ 32   java.util.concurrent.atomic.AtomicLong::compareAndSet (13 bytes)   inline (hot)
                                    @ 9   jdk.internal.misc.Unsafe::compareAndSetLong (0 bytes)   (intrinsic)
                              @ 3   java.lang.String::length (11 bytes)   inline
                                @ 6   java.lang.String::coder (15 bytes)   inline
                              @ 8   java.lang.String::lastIndexOf (29 bytes)   inline
                                @ 1   java.lang.String::isLatin1 (19 bytes)   inline
                                @ 13   java.lang.StringLatin1::lastIndexOf (40 bytes)   failed to inline: callee is too large
                                @ 25   java.lang.StringUTF16::lastIndexOf (47 bytes)   failed to inline: callee is too large
                              @ 1   java.lang.String::isLatin1 (19 bytes)   inline
                              @ 13   java.lang.StringLatin1::lastIndexOf (40 bytes)   failed to inline: callee is too large
                              @ 25   java.lang.StringUTF16::lastIndexOf (47 bytes)   failed to inline: callee is too large
                              @ 3   java.lang.String::checkIndex (10 bytes)   inline (hot)
                                @ 5   jdk.internal.util.Preconditions::checkIndex (18 bytes)   (intrinsic)
                              @ 1   java.lang.Object::hashCode (0 bytes)   failed to inline: no static binding
                              @ 4   java.util.concurrent.ConcurrentHashMap::spread (10 bytes)   inline
                              @ 34   java.util.concurrent.ConcurrentHashMap::tabAt (21 bytes)   failed to inline: callee uses too much stack
                              @ 73   java.lang.Object::equals (11 bytes)   failed to inline: no static binding
                              @ 93   java.util.concurrent.ConcurrentHashMap$Node::find (52 bytes)   failed to inline: no static binding
                              @ 149   java.lang.Object::equals (11 bytes)   failed to inline: no static binding
                              @ 1   java.lang.String::isLatin1 (19 bytes)   inline
                              @ 12   java.lang.StringLatin1::charAt (15 bytes)   inline
                                @ 3   java.lang.String::checkIndex (10 bytes)   inline
                                  @ 5   jdk.internal.util.Preconditions::checkIndex (18 bytes)   intrinsic
                              @ 21   java.lang.StringUTF16::charAt (11 bytes)   inline
                                @ 2   java.lang.StringUTF16::checkIndex (9 bytes)   inline
                                  @ 2   java.lang.StringUTF16::length (5 bytes)   inline
                                  @ 5   java.lang.String::checkIndex (10 bytes)   inline
                                    @ 5   jdk.internal.util.Preconditions::checkIndex (18 bytes)   intrinsic
                                @ 7   java.lang.StringUTF16::getChar (60 bytes)   intrinsic
                              @ 1   java.lang.String::coder (15 bytes)   inline
                              @ 22   java.lang.System::arraycopy (0 bytes)   intrinsic
                              @ 40   java.lang.StringLatin1::inflate (10 bytes)   failed to inline: callee uses too much stack
                              @ 1   java.lang.String::coder (15 bytes)   inline
                              @ 7   java.lang.String::coder (15 bytes)   inline
                              @ 14   java.lang.String::isLatin1 (19 bytes)   inline
                              @ 28   java.lang.StringLatin1::indexOf (25 bytes)   failed to inline: callee uses too much stack
                              @ 42   java.lang.StringUTF16::indexOf (31 bytes)   failed to inline: callee uses too much stack
                              @ 60   java.lang.StringUTF16::indexOfLatin1 (31 bytes)   failed to inline: callee uses too much stack
                              @ 21   java.lang.StringLatin1::indexOf (121 bytes)   failed to inline: inlining prohibited by policy
                              @ 1   java.lang.Object::<init> (1 bytes)   inline
                              @ 1   java.io.File::getPath (5 bytes)   inline
                              @ 4   java.lang.String::isEmpty (14 bytes)   inline
                              @ 10   java.io.FileSystem::getCWD (4 bytes)   inline
                              @ 2   java.lang.AbstractStringBuilder::append (100 bytes)   failed to inline: callee is too large
                              @ 5   java.lang.AbstractStringBuilder::appendNull (76 bytes)   failed to inline: callee is too large
                              @ 26   java.lang.String::length (11 bytes)   inline
                                @ 6   java.lang.String::coder (15 bytes)   inline
                              @ 33   java.lang.String::coder (15 bytes)   inline
                              @ 49   java.lang.AbstractStringBuilder::needsNewBuffer (33 bytes)   failed to inline: callee uses too much stack
                              @ 66   java.lang.AbstractStringBuilder::ensureCapacityNewCoder (125 bytes)   failed to inline: callee is too large
                              @ 87   java.lang.String::getBytes (44 bytes)   failed to inline: callee is too large
                              @ 17   java.lang.Object::hashCode (0 bytes)   failed to inline: no static binding
                              @ 20   java.util.concurrent.ConcurrentHashMap::spread (10 bytes)   inline
                              @ 69   java.util.concurrent.ConcurrentHashMap::tabAt (21 bytes)   failed to inline: callee uses too much stack
                              @ 91   java.util.concurrent.ConcurrentHashMap$Node::<init> (20 bytes)   inline
                                @ 1   java.lang.Object::<init> (1 bytes)   inline
                              @ 94   java.util.concurrent.ConcurrentHashMap::casTabAt (20 bytes)   failed to inline: callee uses too much stack
                              @ 120   java.util.concurrent.ConcurrentHashMap::helpTransfer (124 bytes)   failed to inline: callee is too large
                              @ 159   java.lang.Object::equals (11 bytes)   failed to inline: no static binding
                              @ 192   java.util.concurrent.ConcurrentHashMap::tabAt (21 bytes)   failed to inline: callee uses too much stack
                              @ 242   java.lang.Object::equals (11 bytes)   failed to inline: no static binding
                              @ 293   java.util.concurrent.ConcurrentHashMap$Node::<init> (20 bytes)   inline
                                @ 1   java.lang.Object::<init> (1 bytes)   inline
                              @ 331  java/util/concurrent/ConcurrentHashMap$TreeBin::putTreeVal (not loaded)   failed to inline: not inlineable
                              @ 374  java/lang/IllegalStateException::<init> (not loaded)   failed to inline: not inlineable
               !m             @ 409   java.util.concurrent.ConcurrentHashMap::treeifyBin (164 bytes)   failed to inline: callee is too large
                              @ 427   java.util.concurrent.ConcurrentHashMap::addCount (280 bytes)   failed to inline: callee is too large
               !              @ 49   java.util.concurrent.ConcurrentHashMap::initTable (112 bytes)   failed to inline: callee is too large
                              @ 12   java.lang.NullPointerException::<init> (5 bytes)   failed to inline: don't inline Throwable constructors
                              @ 31   jdk.internal.misc.Unsafe::compareAndSetLong (0 bytes)   intrinsic
                              @ 58  java/util/concurrent/ThreadLocalRandom::getProbe (not loaded)   failed to inline: not inlineable
                              @ 91   jdk.internal.misc.Unsafe::compareAndSetLong (0 bytes)   intrinsic
                              @ 115   java.util.concurrent.ConcurrentHashMap::sumCount (60 bytes)   failed to inline: callee is too large
                              @ 161   java.util.concurrent.ConcurrentHashMap::resizeStamp (9 bytes)   inline
                                @ 1   java.lang.Integer::numberOfLeadingZeros (79 bytes)   failed to inline: callee is too large
                              @ 227   jdk.internal.misc.Unsafe::compareAndSetInt (0 bytes)   intrinsic
               !m             @ 238   java.util.concurrent.ConcurrentHashMap::transfer (849 bytes)   failed to inline: callee is too large
                              @ 257   jdk.internal.misc.Unsafe::compareAndSetInt (0 bytes)   intrinsic
               !m             @ 267   java.util.concurrent.ConcurrentHashMap::transfer (849 bytes)   failed to inline: callee is too large
                              @ 271   java.util.concurrent.ConcurrentHashMap::sumCount (60 bytes)   failed to inline: callee is too large
               !              @ 104   java.util.concurrent.ConcurrentHashMap::fullAddCount (462 bytes)   failed to inline: callee is too large
                              @ 16   jdk.internal.misc.Unsafe::compareAndSetReference (0 bytes)   intrinsic
                              @ 3   java.lang.String::indexOf (64 bytes)   failed to inline: callee is too large
                              @ 14   java.io.UnixFileSystem::normalize (131 bytes)   failed to inline: callee is too large
                              @ 21   java.lang.String::endsWith (15 bytes)   inline
                                @ 3   java.lang.String::length (11 bytes)   inline
                                  @ 6   java.lang.String::coder (15 bytes)   inline
                                @ 7   java.lang.String::length (11 bytes)   inline
                                  @ 6   java.lang.String::coder (15 bytes)   inline
                                @ 11   java.lang.String::startsWith (123 bytes)   failed to inline: callee is too large
                              @ 30   java.lang.String::length (11 bytes)   inline
                                @ 6   java.lang.String::coder (15 bytes)   inline
                              @ 35   java.io.UnixFileSystem::normalize (131 bytes)   failed to inline: callee is too large
                              @ 12   java.lang.Short::reverseBytes (14 bytes)   inline
                              @ 6   jdk.internal.util.Preconditions::checkIndex (18 bytes)   intrinsic
                              @ 18   jdk.internal.util.Preconditions::checkIndex (18 bytes)   intrinsic
                              @ 33   jdk.internal.misc.Unsafe::getShortUnaligned (12 bytes)   failed to inline: callee uses too much stack
                              @ 36   java.lang.Short::toUnsignedInt (5 bytes)   inline
                              @ 5   jdk.internal.misc.Unsafe::getShortUnaligned (33 bytes)   intrinsic
                              @ 8   jdk.internal.misc.Unsafe::convEndian (16 bytes)   inline
                                @ 12   java.lang.Short::reverseBytes (14 bytes)   inline
                              @ 11   jdk.internal.misc.Unsafe::getShort (0 bytes)   intrinsic
                              @ 18   jdk.internal.misc.Unsafe::getByte (0 bytes)   intrinsic
                              @ 26   jdk.internal.misc.Unsafe::getByte (0 bytes)   intrinsic
                              @ 29   jdk.internal.misc.Unsafe::makeShort (26 bytes)   inline
                                @ 1   jdk.internal.misc.Unsafe::toUnsignedInt (6 bytes)   inline
                                @ 7   jdk.internal.misc.Unsafe::pickPos (14 bytes)   inline
                                @ 12   jdk.internal.misc.Unsafe::toUnsignedInt (6 bytes)   inline
                                @ 19   jdk.internal.misc.Unsafe::pickPos (14 bytes)   inline
                              @ 13   jdk.internal.misc.Unsafe::getInt (0 bytes)   intrinsic
                              @ 28   jdk.internal.misc.Unsafe::getShort (0 bytes)   intrinsic
                              @ 38   jdk.internal.misc.Unsafe::getShort (0 bytes)   intrinsic
                              @ 41   jdk.internal.misc.Unsafe::makeInt (25 bytes)   inline
                                @ 1   jdk.internal.misc.Unsafe::toUnsignedInt (6 bytes)   inline
                                @ 7   jdk.internal.misc.Unsafe::pickPos (14 bytes)   inline
                                @ 12   jdk.internal.misc.Unsafe::toUnsignedInt (6 bytes)   inline
                                @ 19   jdk.internal.misc.Unsafe::pickPos (14 bytes)   inline
                              @ 48   jdk.internal.misc.Unsafe::getByte (0 bytes)   intrinsic
                                                 @ 23   java.lang.Byte::toUnsignedInt (6 bytes)   inline (hot)
           @ 56   jdk.internal.misc.Unsafe::getByte (0 bytes)   intrinsic
                              @ 66   jdk.internal.misc.Unsafe::getByte (0 bytes)   intrinsic
                              @ 76   jdk.internal.misc.Unsafe::getByte (0 bytes)   intrinsic
                              @ 79   jdk.internal.misc.Unsafe::makeInt (51 bytes)   failed to inline: callee is too large
                              @ 1   jdk.internal.misc.Unsafe::toUnsignedInt (6 bytes)   inline
                              @ 7   jdk.internal.misc.Unsafe::pickPos (14 bytes)   inline
                              @ 12   jdk.internal.misc.Unsafe::toUnsignedInt (6 bytes)   inline
                              @ 19   jdk.internal.misc.Unsafe::pickPos (14 bytes)   inline
                              @ 5   java.util.zip.ZipUtils::get16 (40 bytes)   failed to inline: callee is too large
                              @ 5   java.util.zip.ZipUtils::get16 (40 bytes)   failed to inline: callee is too large
                              @ 1   jdk.internal.misc.Unsafe::toUnsignedInt (6 bytes)   inline
                              @ 7   jdk.internal.misc.Unsafe::pickPos (14 bytes)   inline
                              @ 12   jdk.internal.misc.Unsafe::toUnsignedInt (6 bytes)   inline
                              @ 19   jdk.internal.misc.Unsafe::pickPos (14 bytes)   inline
                              @ 25   jdk.internal.misc.Unsafe::toUnsignedInt (6 bytes)   inline
                              @ 32   jdk.internal.misc.Unsafe::pickPos (14 bytes)   inline
                              @ 38   jdk.internal.misc.Unsafe::toUnsignedInt (6 bytes)   inline
                              @ 45   jdk.internal.misc.Unsafe::pickPos (14 bytes)   inline
                              @ 6   jdk.internal.util.Preconditions::checkIndex (18 bytes)   intrinsic
                              @ 18   jdk.internal.util.Preconditions::checkIndex (18 bytes)   intrinsic
                              @ 33   jdk.internal.misc.Unsafe::getIntUnaligned (12 bytes)   failed to inline: callee uses too much stack
                              @ 36   java.lang.Integer::toUnsignedLong (7 bytes)   inline
                              @ 5   jdk.internal.misc.Unsafe::getIntUnaligned (83 bytes)   intrinsic
                              @ 8   jdk.internal.misc.Unsafe::convEndian (16 bytes)   inline
                                @ 12   java.lang.Integer::reverseBytes (28 bytes)   inline
                              @ 1   java.util.zip.ZipCoder::isUTF8 (2 bytes)   failed to inline: no static binding
                              @ 11   java.util.zip.ZipUtils::CENFLG (9 bytes)   inline
                                @ 5   java.util.zip.ZipUtils::get16 (40 bytes)   failed to inline: callee is too large
                              @ 5   java.util.zip.ZipUtils::get32 (40 bytes)   failed to inline: callee is too large
                              @ 5   java.util.zip.ZipUtils::get32 (40 bytes)   failed to inline: callee is too large
                              @ 5   java.util.zip.ZipUtils::get16 (40 bytes)   failed to inline: callee is too large
                              @ 5   java.util.zip.ZipUtils::get32 (40 bytes)   failed to inline: callee is too large
                              @ 9   java.util.zip.ZipUtils::CENSIG (8 bytes)   inline
                                @ 4   java.util.zip.ZipUtils::get32 (40 bytes)   failed to inline: callee is too large
                              @ 21   java.util.zip.ZipFile$Source::zerror (9 bytes)   inline
                                @ 5  java/util/zip/ZipException::<init> (not loaded)   failed to inline: not inlineable
                              @ 27   java.util.zip.ZipUtils::CENHOW (9 bytes)   inline
                                @ 5   java.util.zip.ZipUtils::get16 (40 bytes)   failed to inline: callee is too large
                              @ 35   java.util.zip.ZipUtils::CENFLG (9 bytes)   inline
                                @ 5   java.util.zip.ZipUtils::get16 (40 bytes)   failed to inline: callee is too large
                              @ 49   java.util.zip.ZipFile$Source::zerror (9 bytes)   inline
                                @ 5  java/util/zip/ZipException::<init> (not loaded)   failed to inline: not inlineable
                              @ 68   java.lang.StringBuilder::<init> (7 bytes)   inline
                                             @ 3   java.lang.AbstractStringBuilder::<init> (39 bytes)   failed to inline: callee is too large
                              @ 6                   @ 73   jdk.internal.util.Preconditions::checkIndex (18 bytes)   (intrinsic)
                              @ 18   jdk.internal.util.Preconditions::checkIndex (18 bytes)   (intrinsic)
                              @ 33   jdk.internal.misc.Unsafe::getShortUnaligned (12 bytes)   inline (hot)
                      java.lang.StringBuilder::append (8 bytes)              inline
@ 5   jdk.internal.misc.Unsafe::getShortUnaligned                                @ 2   java.lang.AbstractStringBuilder::append (100 bytes)   failed to inline: callee is too large
         (33 bytes)   (intrinsic)
                                @ 8   jdk.internal.misc.Unsafe::                      @ 78   java.lang.StringBuilder::append (8 bytes)   inline
                   convEndian (16 bytes)   inline (hot)
                          @ 2   java.lang.AbstractStringBuilder::append (72 bytes)   failed to inline: callee is too large
                                           @ 83      @ 36   java.lang.StringBuilder::append (8 bytes)   inline
                                @ 2   java.lang.AbstractStringBuilder::append (100 bytes)   failed to inline: callee is too large
                              @ 86   java.lang.StringBuilder::toString (20 bytes)   inline
 java.lang.Short::toUnsignedInt (5 bytes)   inline (hot)
  @ 1   java.lang.StringBuilder::length (5 bytes)   inline
                                  @ 1   java.lang.AbstractStringBuilder::length (5 bytes)   inline
                                @ 16   java.lang.String::<init> (98 bytes)   failed to inline: callee is too large
                              @ 89   java.util.zip.ZipFile$Source::zerror (9 bytes)   inline
                                @ 5  java/util/zip/ZipException::<init> (not loaded)   failed to inline: not inlineable
                              @ 101   java.util.zip.ZipUtils::CENNAM (9 bytes)   inline
                                @ 5   java.util.zip.ZipUtils::get16 (40 bytes)   failed to inline: callee is too large
                              @ 109   java.util.zip.ZipUtils::CENEXT (9 bytes)   inline
                                @ 5   java.util.zip.ZipUtils::get16 (40 bytes)   failed to inline: callee is too large
                              @ 117   java.util.zip.ZipUtils::CENCOM (9 bytes)   inline
                                @ 5   java.util.zip.ZipUtils::get16 (40 bytes)   failed to inline: callee is too large
                              @ 154   java.util.zip.ZipFile$Source::zerror (9 bytes)   inline
                                @ 5  java/util/zip/ZipException::<init> (not loaded)   failed to inline: not inlineable
                              @ 177   java.util.zip.ZipFile$Source::checkExtraFields (189 bytes)   failed to inline: callee is too large
                              @ 191   java.util.zip.ZipUtils::CENSIZ (9 bytes)   inline
                                @ 5   java.util.zip.ZipUtils::get32 (40 bytes)   failed to inline: callee is too large
                              @ 204   java.util.zip.ZipUtils::CENLEN (9 bytes)   inline
                                @ 5   java.util.zip.ZipUtils::get32 (40 bytes)   failed to inline: callee is too large
                              @ 217   java.util.zip.ZipUtils::CENOFF (9 bytes)   inline
                                @ 5   java.util.zip.ZipUtils::get32 (40 bytes)   failed to inline: callee is too large
                              @ 230   java.util.zip.ZipUtils::CENDSK (9 bytes)   inline
                                @ 5   java.util.zip.ZipUtils::get16 (40 bytes)   failed to inline: callee is too large
                              @ 240   java.util.zip.ZipFile$Source::zerror (9 bytes)   inline
                                @ 5  java/util/zip/ZipException::<init> (not loaded)   failed to inline: not inlineable
                              @ 250   java.util.zip.ZipCoder::checkedHash (97 bytes)   failed to inline: no static binding
               !              @ 333   java.util.zip.ZipCoder::toString (29 bytes)   failed to inline: no static binding
                              @ 344   java.util.zip.ZipFile$Source::zerror (9 bytes)   inline
                                @ 5  java/util/zip/ZipException::<init> (not loaded)   failed to inline: not inlineable
                              @ 17   java.lang.System$1::uncheckedCountPositives (7 bytes)   inline
                                @ 3   java.lang.StringCoding::countPositives (33 bytes)   failed to inline: callee is too large
                              @ 36   java.lang.System$1::newStringUTF8NoRepl (8 bytes)   inline
                                @ 4   java.lang.String::newStringUTF8NoRepl (322 bytes)   failed to inline: callee is too large
                              @ 41   java.util.zip.ZipCoder::hash (36 bytes)   failed to inline: callee is too large
                              @ 49   jdk.internal.util.ArraysSupport::hashCodeOfUnsigned (55 bytes)   failed to inline: callee is too large
                              @ 4   java.util.zip.ZipUtils::get32 (40 bytes)   failed to inline: callee is too large
                              @ 5   java.util.zip.ZipUtils::get16 (40 bytes)   failed to inline: callee is too large
                              @ 5   java.util.zip.ZipUtils::get16 (40 bytes)   failed to inline: callee is too large
                              @ 5   java.util.zip.ZipUtils::get16 (40 bytes)   failed to inline: callee is too large
                              @ 3   java.lang.StringCoding::countPositives (33 bytes)   inline
                              @ 8   java.util.zip.ZipUtils::CENCOM (9 bytes)   inline
                                @ 5   java.util.zip.ZipUtils::get16 (40 bytes)   failed to inline: callee is too large
                              @ 17   java.util.zip.ZipUtils::CENEXT (9 bytes)   inline
                                @ 5   java.util.zip.ZipUtils::get16 (40 bytes)   failed to inline: callee is too large
                              @ 12   java.lang.Integer::reverseBytes (28 bytes)   inline
                              @ 5   jdk.internal.misc.Unsafe::getShortUnaligned (33 bytes)   (intrinsic)
                              @ 8   jdk.internal.misc.Unsafe::convEndian (16 bytes)   inline (hot)
                              @ 6   jdk.internal.util.Preconditions::checkIndex (18 bytes)   (intrinsic)
                              @ 18   jdk.internal.util.Preconditions::checkIndex (18 bytes)   (intrinsic)
                              @ 33   jdk.internal.misc.Unsafe::getIntUnaligned (12 bytes)   inline (hot)
                                @ 5   jdk.internal.misc.Unsafe::getIntUnaligned (83 bytes)   (intrinsic)
                                @ 8   jdk.internal.misc.Unsafe::convEndian (16 bytes)   inline (hot)
                              @ 36   java.lang.Integer::toUnsignedLong (7 bytes)   inline (hot)
                              @ 39   java.lang.Byte::toUnsignedInt (6 bytes)   inline (hot)
                              @ 51   jdk.internal.util.ArraysSupport::vectorizedHashCode (158 bytes)   (intrinsic)
                              @ 51   jdk.internal.util.ArraysSupport::unsignedHashCode (36 bytes)   inline (hot)
                                @ 23   java.lang.Byte::toUnsignedInt (6 bytes)   inline (hot)
                              @ 1   java.util.zip.ZipCoder$UTF8ZipCoder::isUTF8 (2 bytes)   inline (hot)   callee changed to  java.util.zip.ZipFile::zipCoderFor (27 bytes)    \-> TypeProfile (9786/9786 counts) = java/util/zip/ZipCoder$UTF8ZipCoder
                              @ 17   java.lang.System$1::uncheckedCountPositives (7 bytes)   inline (hot)
                                @ 3   java.lang.StringCoding::countPositives (33 bytes)   (intrinsic)
                              @ 49   jdk.internal.util.ArraysSupport::hashCodeOfUnsigned (55 bytes)   inline (hot)
                                @ 39   java.lang.Byte::toUnsignedInt (6 bytes)   inline (hot)
                                @ 51   jdk.internal.util.ArraysSupport::vectorizedHashCode (158 bytes)   (intrinsic)
                              @ 8   java.util.zip.ZipUtils::CENCOM (9 bytes)   inline (hot)
                                @ 5   java.util.zip.ZipUtils::get16 (40 bytes)   inline (hot)
                                  @ 6   jdk.internal.util.Preconditions::checkIndex (18 bytes)   (intrinsic)
                                  @ 18   jdk.internal.util.Preconditions::checkIndex (18 bytes)   (intrinsic)
                                  @ 33   jdk.internal.misc.Unsafe::getShortUnaligned (12 bytes)   inline (hot)
                                    @ 5   jdk.internal.misc.Unsafe::getShortUnaligned (33 bytes)   (intrinsic)
                                    @ 8   jdk.internal.misc.Unsafe::convEndian (16 bytes)   inline (hot)
                                  @ 36   java.lang.Short::toUnsignedInt (5 bytes)   inline (hot)
                              @ 17   java.util.zip.ZipUtils::CENEXT (9 bytes)   inline (hot)
                                @ 5   java.util.zip.ZipUtils::get16 (40 bytes)   inline (hot)
                                  @ 6   jdk.internal.util.Preconditions::checkIndex (18 bytes)   (intrinsic)
                                  @ 18   jdk.internal.util.Preconditions::checkIndex (18 bytes)   (intrinsic)
                                  @ 33   jdk.internal.misc.Unsafe::getShortUnaligned (12 bytes)   inline (hot)
                                    @ 5   jdk.internal.misc.Unsafe::getShortUnaligned (33 bytes)   (intrinsic)
                                    @ 8   jdk.internal.misc.Unsafe::convEndian (16 bytes)   inline (hot)
                                  @ 36   java.lang.Short::toUnsignedInt (5 bytes)   inline (hot)
                              @ 11  java/nio/file/InvalidPathException::<init> (not loaded)   failed to inline: not inlineable
                              @ 1   java.lang.AbstractStringBuilder::length (5 bytes)   inline
                              @ 1   java.lang.Object::getClass (0 bytes)   intrinsic
                              @ 7   java.lang.Class::getName (18 bytes)   inline
                                @ 14   java.lang.Class::initClassName (0 bytes)   failed to inline: native method
                              @ 10   java.net.URL::isBuiltinStreamHandler (8 bytes)   inline
                                @ 4   java.lang.String::startsWith (7 bytes)   inline
                                  @ 3   java.lang.String::startsWith (123 bytes)   failed to inline: callee is too large
                              @ 17   java.lang.Class::getClassLoader (5 bytes)   inline
                              @ 20   jdk.internal.misc.VM::isSystemDomainLoader (17 bytes)   inline
                                @ 5   java.lang.ClassLoader::getPlatformClassLoader (4 bytes)   inline
                                  @ 0   java.lang.ClassLoader::getBuiltinPlatformClassLoader (4 bytes)   inline
                                    @ 0   jdk.internal.loader.ClassLoaders::platformClassLoader (4 bytes)   inline
                              @ 4   java.lang.String::startsWith (7 bytes)   inline
                                @ 3   java.lang.String::startsWith (123 bytes)   failed to inline: callee is too large
                              @ 2   java.util.HashMap::hash (20 bytes)   inline
                                @ 9   java.lang.Object::hashCode (0 bytes)   failed to inline: no static binding
                              @ 9   java.util.HashMap::putVal (300 bytes)   failed to inline: callee is too large
                              @ 9   java.util.zip.ZipUtils::CENSIG (8 bytes)   inline (hot)
                                @ 4   java.util.zip.ZipUtils::get32 (40 bytes)   inline (hot)
                                  @ 6   jdk.internal.util.Preconditions::checkIndex (18 bytes)   (intrinsic)
                                  @ 18   jdk.internal.util.Preconditions::checkIndex (18 bytes)   (intrinsic)
                                  @ 33   jdk.internal.misc.Unsafe::getIntUnaligned (12 bytes)   inline (hot)
                                    @ 5   jdk.internal.misc.Unsafe::getIntUnaligned (83 bytes)   (intrinsic)
                                    @ 8   jdk.internal.misc.Unsafe::convEndian (16 bytes)   inline (hot)
                                  @ 36   java.lang.Integer::toUnsignedLong (7 bytes)   inline (hot)
                              @ 27   java.util.zip.ZipUtils::CENHOW (9 bytes)   inline (hot)
                                @ 5   java.util.zip.ZipUtils::get16 (40 bytes)   inline (hot)
                                  @ 6   jdk.internal.util.Preconditions::checkIndex (18 bytes)   (intrinsic)
                                  @ 18   jdk.internal.util.Preconditions::checkIndex (18 bytes)   (intrinsic)
                                  @ 33   jdk.internal.misc.Unsafe::getShortUnaligned (12 bytes)   inline (hot)
                                    @ 5   jdk.internal.misc.Unsafe::getShortUnaligned (33 bytes)   (intrinsic)
                                    @ 8   jdk.internal.misc.Unsafe::convEndian (16 bytes)   inline (hot)
                                  @ 36   java.lang.Short::toUnsignedInt (5 bytes)   inline (hot)
                              @ 35   java.util.zip.ZipUtils::CENFLG (9 bytes)   inline (hot)
                                @ 5   java.util.zip.ZipUtils::get16 (40 bytes)   inline (hot)
                                  @ 6   jdk.internal.util.Preconditions::checkIndex (18 bytes)   (intrinsic)
                                  @ 18   jdk.internal.util.Preconditions::checkIndex (18 bytes)   (intrinsic)
                                  @ 33   jdk.internal.misc.Unsafe::getShortUnaligned (12 bytes)   inline (hot)
                                    @ 5   jdk.internal.misc.Unsafe::getShortUnaligned (33 bytes)   (intrinsic)
                                    @ 8   jdk.internal.misc.Unsafe::convEndian (16 bytes)   inline (hot)
                                  @ 36   java.lang.Short::toUnsignedInt (5 bytes)   inline (hot)
                              @ 101   java.util.zip.ZipUtils::CENNAM (9 bytes)   inline (hot)
                                @ 5   java.util.zip.ZipUtils::get16 (40 bytes)   inline (hot)
                                  @ 6   jdk.internal.util.Preconditions::checkIndex (18 bytes)   (intrinsic)
                                  @ 18   jdk.internal.util.Preconditions::checkIndex (18 bytes)   (intrinsic)
                                  @ 33   jdk.internal.misc.Unsafe::getShortUnaligned (12 bytes)   inline (hot)
                                    @ 5   jdk.internal.misc.Unsafe::getShortUnaligned (33 bytes)   (intrinsic)
                                    @ 8   jdk.internal.misc.Unsafe::convEndian (16 bytes)   inline (hot)
                                  @ 36   java.lang.Short::toUnsignedInt (5 bytes)   inline (hot)
                              @ 109   java.util.zip.ZipUtils::CENEXT (9 bytes)   inline (hot)
                                @ 5   java.util.zip.ZipUtils::get16 (40 bytes)   inline (hot)
                                  @ 6   jdk.internal.util.Preconditions::checkIndex (18 bytes)   (intrinsic)
                                  @ 18   jdk.internal.util.Preconditions::checkIndex (18 bytes)   (intrinsic)
                                  @ 33   jdk.internal.misc.Unsafe::getShortUnaligned (12 bytes)   inline (hot)
                                           @ 4   java.io.RandomAccessFile::readBytes (28 bytes)   inline
                       @ 5   jdk.internal.misc.Unsafe::getShortUnaligned (33 bytes)   (intrinsic)
                                                     @ 6  jdk/internal/event/FileReadEvent::enabled          (not loaded)   failed to inline: not inlineable
               !                @ 16   java.io.RandomAccessFile::traceReadBytes0 (52 bytes)   failed to inline: callee is too large
      @ 8   jdk.internal.misc.Unsafe::convEndian                                @ 24   java.io.RandomAccessFile::readBytes0 (0 bytes)   failed to inline: native method
 (16 bytes)   inline (hot)
                                  @ 36   java.lang.Short::toUnsignedInt (5 bytes)   inline (hot)
                              @ 117   java.util.zip.ZipUtils::CENCOM (9 bytes)   inline (hot)
                                @ 5   java.util.zip.ZipUtils::get16 (40 bytes)   inline (hot)
                                  @ 6   jdk.internal.util.Preconditions::checkIndex (18 bytes)   (intrinsic)
                                  @ 18   jdk.internal.util.Preconditions::checkIndex (18 bytes)   (intrinsic)
                                  @ 33   jdk.internal.misc.Unsafe::getShortUnaligned (12 bytes)   inline (hot)
                                    @ 5   jdk.internal.misc.Unsafe::getShortUnaligned (33 bytes)                              @ 6     (intrinsic)
                                    @ 8   jdk.internal.misc.Unsafe::convEndian (16 bytes)   inline (hot)
jdk/internal/event/FileReadEvent::enabled (not loaded)   failed to inline: not inlineable
                            !              @ 16   java.io.RandomAccessFile::traceReadBytes0 (52 bytes)   failed to inline: callee is too large
                              @ 24   java.io.RandomAccessFile::readBytes0 (0 bytes)   failed to inline: native method
                     @ 36   java.lang.Short::toUnsignedInt (5 bytes)   inline (hot)
                              @ 191   java.util.zip.ZipUtils::CENSIZ (9 bytes)   inline (hot)
                                @ 5   java.util.zip.ZipUtils::get32 (40 bytes)   inline (hot)
                                  @ 6   jdk.internal.util.Preconditions::checkIndex (18 bytes)   (intrinsic)
                                  @ 18   jdk.internal.util.Preconditions::checkIndex (18 bytes)   (intrinsic)
                                  @ 33   jdk.internal.misc.Unsafe::getIntUnaligned (12 bytes)   inline (hot)
                                    @ 5   jdk.internal.misc.Unsafe::getIntUnaligned (83 bytes)   (intrinsic)
                                    @ 8   jdk.internal.misc.Unsafe::convEndian (16 bytes)   inline (hot)
                                  @ 36   java.lang.Integer::toUnsignedLong (7 bytes)   inline (hot)
                              @ 204   java.util.zip.ZipUtils::CENLEN (9 bytes)   inline (hot)                              @ 1   java.lang.Object::<init>
                    (1 bytes)   inline
                                     @ 17   java.lang.NullPointerException::<init> (5 bytes)   failed to inline: don't inline Throwable constructors
      @ 5   java.util.zip.ZipUtils::get32 (40 bytes)   inline (hot)
                                                              @ 26   java.io.UnixFileSystem::normalize (41 bytes)   failed to inline: callee is too large
  @ 6   jdk.internal.util.Preconditions::checkIndex (18 bytes)   (intrinsic)
                                                 @ 40   java.io.UnixFileSystem::prefixLength (15 bytes)   inline
               @ 18   jdk.internal.util.Preconditions::                                @ 3   java.lang.String::startsWith (7 bytes)   inline
checkIndex (18 bytes)   (intrinsic)
                                          @ 3   java.lang.String::startsWith (123 bytes)   failed to inline: callee is too large
                          @ 33   jdk.internal.misc.Unsafe::getIntUnaligned (12 bytes)   inline (hot)
                                    @ 5   jdk.internal.misc.Unsafe::getIntUnaligned (83 bytes)   (intrinsic)
                                    @ 8   jdk.internal.misc.Unsafe::convEndian (16 bytes)   inline (hot)
                                  @ 36   java.lang.Integer::toUnsignedLong (7 bytes)   inline (hot)
                              @ 217   java.util.zip.ZipUtils::CENOFF (9 bytes)   inline (hot)
                                @ 5   java.util.zip.ZipUtils::get32 (40 bytes)   inline (hot)
                                  @ 6   jdk.internal.util.Preconditions::checkIndex (18 bytes)   (intrinsic)
                                  @ 18   jdk.internal.util.Preconditions::checkIndex (18 bytes)   (intrinsic)
                                  @ 33   jdk.internal.misc.Unsafe::getIntUnaligned (12 bytes)   inline (hot)
                                    @ 5   jdk.internal.misc.Unsafe::getIntUnaligned (83 bytes)   (intrinsic)
                                    @ 8   jdk.internal.misc.Unsafe::convEndian (16 bytes)   inline (hot)
                                  @ 36   java.lang.Integer::toUnsignedLong (7 bytes)   inline (hot)
                              @ 230   java.util.zip.ZipUtils::CENDSK (9 bytes)   inline (hot)
                                @ 5   java.util.zip.ZipUtils::get16 (40 bytes)   inline (hot)
                                  @ 6   jdk.internal.util.Preconditions::checkIndex (18 bytes)   (intrinsic)
                                  @ 18   jdk.internal.util.Preconditions::checkIndex (18 bytes)   (intrinsic)
                                  @ 33   jdk.internal.misc.Unsafe::getShortUnaligned (12 bytes)   inline (hot)
                                      @ 13   java.io.RandomAccessFile::read (8 bytes)   inline
                            @ 5   jdk.internal.misc.Unsafe::getShortUnaligned (33 bytes)   (intrinsic)
                                                                    @ 4   java.io.RandomAccessFile::readBytes (28 bytes)   inline
        @ 8   jdk.internal.misc.Unsafe::convEndian                          @ 6  jdk/internal/event/FileReadEvent::enabled (not loaded)   failed to inline: not inlineable
               !                  @ 16   java.io.RandomAccessFile::traceReadBytes0 (52 bytes)   failed to inline: callee is too large
                      (16 bytes)   inline (hot)
                                  @ 36               @ 24   java.io.RandomAccessFile::readBytes0 (0 bytes)   failed to inline: native method
 java.lang.Short::toUnsignedInt (5 bytes)   inline (hot)
                                                        @ 27  java/io/EOFException::<init> (not loaded)   failed to inline: not inlineable
    @ 250   java.util.zip.ZipCoder$UTF8ZipCoder::checkedHash (78 bytes)   inline (hot)   callee changed to  java.util.zip.ZipFile$Source::checkAndAddEntry (350 bytes)    \-> TypeProfile (9786/9786 counts) = java/util/zip/ZipCoder$UTF8ZipCoder
                                @ 17   java.lang.System$1::uncheckedCountPositives (7 bytes)   inline (hot)
                                  @ 3   java.lang.StringCoding::countPositives (33 bytes)   (intrinsic)
                                @ 49   jdk.internal.util.ArraysSupport::hashCodeOfUnsigned (55 bytes)   inline (hot)
                                  @ 39   java.lang.Byte::toUnsignedInt (6 bytes)   inline (hot)
                                  @ 51   jdk.internal.util.ArraysSupport::vectorizedHashCode (158 bytes)   (intrinsic)
                              @ 20   java.util.HashMap::resize (356 bytes)   failed to inline: callee is too large
                              @ 56   java.util.HashMap::newNode (13 bytes)   failed to inline: no static binding
                              @ 91   java.lang.Object::equals (11 bytes)   failed to inline: no static binding
                              @ 123   java.util.HashMap$TreeNode::putTreeVal (314 bytes)   failed to inline: callee's klass not linked yet
                              @ 152   java.util.HashMap::newNode (13 bytes)   failed to inline: no static binding
                              @ 169   java.util.HashMap::treeifyBin (110 bytes)   failed to inline: callee is too large
                              @ 203   java.lang.Object::equals (11 bytes)   failed to inline: no static binding
                              @ 253   java.util.HashMap::afterNodeAccess (1 bytes)   failed to inline: no static binding
                              @ 288   java.util.HashMap::resize (356 bytes)   failed to inline: callee is too large
                              @ 295   java.util.HashMap::afterNodeInsertion (1 bytes)   failed to inline: no static binding
                              @ 5   java.util.zip.ZipUtils::get16 (40 bytes)   inline (hot)
                                      @ 5   java.util.zip.ZipUtils::get16 (40 bytes)   inline (hot)
                                @ 6   jdk.internal.util.Preconditions::checkIndex (18 bytes)   (intrinsic)
                                                  @ 18   jdk.internal.util.Preconditions::checkIndex (18 bytes)   (intrinsic)
                                      @ 6   jdk.internal.util.Preconditions::@ 33   jdk.internal.misc.Unsafe::getShortUnaligned (12 bytes)   inline (hot)
                                  @ 5   jdk.internal.misc.Unsafe::getShortUnalignedcheckIndex (18 bytes) (33 bytes)   (intrinsic)
                                     (intrinsic)
                                @ 8   jdk.internal.misc.Unsafe::convEndian (16 bytes)   inline (hot)
                                @ 36   java.lang.Short::toUnsignedInt (5 bytes)   inline (hot)
@ 18   jdk.internal.util.Preconditions::checkIndex (18 bytes)   (intrinsic)
                                @ 33   jdk.internal.misc.Unsafe::getShortUnaligned (12 bytes)   inline (hot)
                                  @ 5   jdk.internal.misc.Unsafe::getShortUnaligned (33 bytes)   (intrinsic)
                                  @ 8   jdk.internal.misc.Unsafe::convEndian (16 bytes)   inline (hot)
                                @ 36   java.lang.Short::toUnsignedInt (5 bytes)   inline (hot)
                              @ 9   java.util.zip.ZipUtils::CENSIG (8 bytes)   inline
                                @ 4   java.util.zip.ZipUtils::get32 (40 bytes)   failed to inline: callee is too large
                              @ 21   java.util.zip.ZipFile$Source::zerror (9 bytes)   inline
                                @ 5  java/util/zip/ZipException::<init> (not loaded)   failed to inline: not inlineable
                              @ 27   java.util.zip.ZipUtils::CENHOW (9 bytes)   inline
                                @ 5   java.util.zip.ZipUtils::get16 (40 bytes)   failed to inline: callee is too large
                              @ 35   java.util.zip.ZipUtils::CENFLG (9 bytes)   inline
                                @ 5   java.util.zip.ZipUtils::get16                               (40 bytes)   failed to inline: callee is too large
@ 5   java.util.zip.ZipUtils::get16 (40 bytes)   inline (hot)
                                                           @ 49        java.util.zip.ZipFile$Source::         @ 5   java.util.zip.ZipUtils::get32 (40 bytes)                   @ 6     inline (hot)zerror (9 bytes)   inline

 jdk.internal.util.Preconditions::checkIndex (18 bytes)   (intrinsic)                                                          @ 5  java/util/zip/ZipException::<init> (not loaded)   failed to inline: not inlineable

@ 6                                                     @ 18   jdk.internal.util.Preconditions::checkIndex (18 bytes)   (intrinsic)
              jdk.internal.util.Preconditions::checkIndex (18 bytes)   (intrinsic)
                                      @ 68   java.lang.StringBuilder::<init>     @ 33   jdk.internal.misc.Unsafe::getShortUnaligned (12 bytes)   inline (hot) (7 bytes)   inline

                                                                  @ 3   java.lang.AbstractStringBuilder::<init> (39 bytes)   failed to inline: callee is too large
                              @ 73   java.lang.StringBuilder::append (8 bytes)   inline
                                      @ 18   jdk.internal.util.Preconditions::checkIndex (18 bytes)   (intrinsic)
                                @ 33   jdk.internal.misc.Unsafe::getIntUnaligned (12 bytes)   inline (hot)
                          @ 5       jdk.internal.misc.Unsafe::             @ 2   java.lang.AbstractStringBuilder::append (100 bytes)   failed to inline: callee is too large
            @ 5                     jdk.internal.misc.Unsafe::getIntUnaligned (83 bytes)   (intrinsic)
getShortUnaligned     (33 bytes)   (intrinsic)
                                          @ 8   jdk.internal.misc.Unsafe::convEndian (16 bytes)   inline (hot)
                                @ 36   java.lang.Integer::toUnsignedLong (7 bytes)   inline (hot)
@ 78   java.lang.StringBuilder::append                   (8 bytes)   inline
        @ 8   jdk.internal.misc.Unsafe::convEndian (16 bytes)   inline (hot)
                                                              @ 2   java.lang.AbstractStringBuilder::append (72 bytes)   failed to inline: callee is too large
  @ 36   java.lang.Short::toUnsignedInt (5 bytes)                inline (hot)
                 @ 83   java.lang.StringBuilder::append (8 bytes)   inline
                                @ 2   java.lang.AbstractStringBuilder::append (100 bytes)   failed to inline: callee is too large
                              @ 86   java.lang.StringBuilder::toString (20 bytes)   inline
                                @ 1   java.lang.StringBuilder::length (5 bytes)   inline
                                  @ 1   java.lang.AbstractStringBuilder::length (5 bytes)   inline
                                @ 16   java.lang.String::<init> (98 bytes)   failed to inline: callee is too large
                              @ 89   java.util.zip.ZipFile$Source::                              @ 5  zerror (9 bytes)   inline
                                @ 5  java/util/zip/ZipException::<init> (not loaded)   failed to inline: not inlineable
 java.util.zip.ZipUtils::get16 (40 bytes)   inline (hot)
                              @ 101   java.util.zip.ZipUtils::CENNAM (9 bytes)   inline
                                        @ 5   java.util.zip.ZipUtils::get16 (40 bytes)   failed to inline: callee is too large
                        @ 6                                @ 109   java.util.zip.ZipUtils::CENEXT (9 bytes)                      inline
                               jdk.internal.util.Preconditions::checkIndex (18 bytes)   (intrinsic)
                     @ 5   java.util.zip.ZipUtils::get16 (40 bytes)   failed to inline: callee is too large
                        @ 5   java.util.zip.ZipUtils::get32                     @ 18   jdk.internal.util.Preconditions:: (40 bytes)   inline (hot)
                   checkIndex         @ 117   (18 bytes)             @ 6   jdk.internal.util.Preconditions::   (intrinsic) java.util.zip.ZipUtils::CENCOM (9 bytes)
checkIndex (18 bytes)   (intrinsic)
                        inline
                        @ 33   jdk.internal.misc.Unsafe::getShortUnaligned                                @ 18   jdk.internal.util.Preconditions::checkIndex (18 bytes)   (intrinsic)
                                        @ 5   java.util.zip.ZipUtils::get16 (40 bytes) (12 bytes)   inline (hot)
           @ 33   jdk.internal.misc.Unsafe::           failed to inline: callee is too large
                   getIntUnaligned (12 bytes)   inline (hot)
                                                              @ 5            jdk.internal.misc.Unsafe::getIntUnaligned@ 154   java.util.zip.ZipFile$Source::zerror (9 bytes)   inline
@ 5                                 (83 bytes)   (intrinsic)
           jdk.internal.misc.Unsafe::getShortUnaligned (33 bytes)@ 5  java/util/zip/ZipException::<init> (not loaded)   failed to inline: not inlineable
   (intrinsic)
                                       @ 8                        jdk.internal.misc.Unsafe::convEndian         (16 bytes)                inline (hot)
                      @ 8   jdk.internal.misc.Unsafe::convEndian (16 bytes)   inline (hot)                   @ 36   java.lang.Integer::toUnsignedLong@ 177   java.util.zip.ZipFile$Source::checkExtraFields (189 bytes)   failed to inline: callee is too large
 (7 bytes)                        inline (hot)

                                @ 36   java.lang.Short::toUnsignedInt (5 bytes)   inline (hot)
         @ 191   java.util.zip.ZipUtils::CENSIZ (9 bytes)   inline
                                @ 5   java.util.zip.ZipUtils::get32 (40 bytes)   failed to inline: callee is too large
                              @ 204   java.util.zip.ZipUtils::CENLEN (9 bytes)   inline
                                @ 5   java.util.zip.ZipUtils::get32 (40 bytes)   failed to inline: callee is too large
                              @ 217   java.util.zip.ZipUtils::CENOFF (9 bytes)   inline
                                @ 5   java.util.zip.ZipUtils::get32 (40 bytes)   failed to inline: callee is too large
                              @ 230   java.util.zip.ZipUtils::CENDSK (9 bytes)   inline
                                @ 5   java.util.zip.ZipUtils::get16 (40 bytes)   failed to inline: callee is too large
                              @ 240   java.util.zip.ZipFile$Source::zerror (9 bytes)   inline
                                @ 5  java/util/zip/ZipException::<init> (not loaded)   failed to inline: not inlineable
                              @ 250   java.util.zip.ZipCoder::checkedHash (97 bytes)   failed to inline: no static binding
                              @ 5   java.util.zip.ZipUtils::get16 (40 bytes)   inline (hot)
                                                       !   @ 6   jdk.internal.util.Preconditions::checkIndex (18 bytes)   (intrinsic)                        @ 5
 java.util.zip.ZipUtils::         @ 333   java.util.zip.ZipCoder::toString (29 bytes)   failed to inline: no static binding
get32                    (40 bytes)                                   inline (hot)           @ 344
                      java.util.zip.ZipFile$Source::zerror (9 bytes)   inline@ 18   jdk.internal.util.Preconditions::checkIndex (18 bytes)   (intrinsic)
           @ 6   jdk.internal.util.Preconditions::checkIndex (18 bytes)
                                   (intrinsic)
                                          @ 18   jdk.internal.util.Preconditions::checkIndex (18 bytes)           @ 5  java/util/zip/ZipException::<init> (not loaded)   (intrinsic)
                                @ 33   jdk.internal.misc.Unsafe::getIntUnaligned (12 bytes)   inline (hot)
                              @ 33   jdk.internal.misc.Unsafe::     failed to inline: not inlineable
             @ 5   jdk.internal.misc.Unsafe::getIntUnaligned (83 bytes)   (intrinsic)
                              getShortUnaligned (12 bytes)   inline (hot)
                                  @ 5   jdk.internal.misc.Unsafe::getShortUnaligned (33 bytes)   (intrinsic)
                                  @ 8   jdk.internal.misc.Unsafe::convEndian (16 bytes)   inline (hot)
                                @ 36   java.lang.Short::toUnsignedInt (5 bytes)   inline (hot)
    @ 8   jdk.internal.misc.Unsafe::convEndian (16 bytes)   inline (hot)
                                @ 36   java.lang.Integer::toUnsignedLong (7 bytes)   inline (hot)
                              @ 4   java.util.zip.ZipUtils::get32 (40 bytes)   inline (hot)
                                @ 6   jdk.internal.util.Preconditions::checkIndex (18 bytes)   (intrinsic)
                                @ 18   jdk.internal.util.Preconditions::checkIndex (18 bytes)   (intrinsic)
                                                 @ 5   java.util.zip.ZipUtils::get16 (40 bytes)   inline (hot)
                                  @ 6   jdk.internal.util.Preconditions::           @ 33   jdk.internal.misc.Unsafe::getIntUnaligned (12 bytes)   inline (hot)
                                  @ 5   jdk.internal.misc.Unsafe::getIntUnaligned (83 bytes)   (intrinsic)
                   checkIndex (18 bytes)               @ 8   jdk.internal.misc.Unsafe::convEndian (16 bytes)   inline (hot)
                                 (intrinsic)
                                @ 18   jdk.internal.util.Preconditions::checkIndex (18 bytes)   (intrinsic)
                     @ 36   java.lang.Integer::toUnsignedLong (7 bytes)   inline (hot)
             @ 33   jdk.internal.misc.Unsafe::getShortUnaligned (12 bytes)   inline (hot)
                                  @ 5   jdk.internal.misc.Unsafe::getShortUnaligned (33 bytes)   (intrinsic)
                                  @ 8   jdk.internal.misc.Unsafe::convEndian (16 bytes)   inline (hot)
                                @ 36   java.lang.Short::toUnsignedInt (5 bytes)   inline (hot)
                              @ 19   jdk.internal.util.Preconditions::outOfBoundsCheckFromIndexSize (32 bytes)   failed to inline: callee uses too much stack
                              @ 1   java.lang.Object::<init> (1 bytes)   inline
                              @ 217   java.util.zip.ZipFile$Source::hasSlash (32 bytes)   inline
                              @ 28   java.lang.Integer::<init> (10 bytes)   inline
                                @ 1   java.lang.Number::<init> (5 bytes)   inline
                                  @ 1   java.lang.Object::<init> (1 bytes)   inline
                              @ 8   java.lang.NullPointerException::<init> (5 bytes)   failed to inline: don't inline Throwable constructors
                              @ 13   java.util.HashMap::hash (20 bytes)   inline
                                @ 9   java.lang.Object::hashCode (0 bytes)   failed to inline: no static binding
                              @ 57   java.util.HashMap::resize (356 bytes)   failed to inline: callee is too large
                              @ 102   java.util.HashMap$TreeNode::getTreeNode (22 bytes)   failed to inline: callee's klass not linked yet
                              @ 142   java.lang.Object::equals (11 bytes)   failed to inline: no static binding
                              @ 188   java.util.HashMap::afterNodeAccess (1 bytes)   failed to inline: no static binding
                              @ 202   java.util.function.Function::apply (0 bytes)   failed to inline: no static binding
                              @ 222  java/util/ConcurrentModificationException::<init> (not loaded)   failed to inline: not inlineable
                              @ 248   java.util.HashMap::afterNodeAccess (1 bytes)   failed to inline: no static binding
                              @ 268   java.util.HashMap$TreeNode::putTreeVal (314 bytes)   failed to inline: callee's klass not linked yet
                              @ 286   java.util.HashMap::newNode (13 bytes)   failed to inline: no static binding
                              @ 301   java.util.HashMap::treeifyBin (110 bytes)   failed to inline: callee is too large
                              @ 324   java.util.HashMap::afterNodeInsertion (1 bytes)   failed to inline: no static binding
                              @ 12   java.lang.StringBuilder::<init> (7 bytes)   inline
                                @ 3   java.lang.AbstractStringBuilder::<init> (39 bytes)   failed to inline: callee is too large
                              @ 17   java.lang.StringBuilder::append (8 bytes)   inline
                                @ 2   java.lang.AbstractStringBuilder::append (100 bytes)   failed to inline: callee is too large
                              @ 21   java.lang.StringBuilder::append (8 bytes)   inline
                                @ 2   java.lang.AbstractStringBuilder::append (72 bytes)   failed to inline: callee is too large
                              @ 24   java.lang.StringBuilder::toString (20 bytes)   inline
                                @ 1   java.lang.StringBuilder::length (5 bytes)   inline
                                  @ 1   java.lang.AbstractStringBuilder::length (5 bytes)   inline
                                @ 16   java.lang.String::<init> (98 bytes)   failed to inline: callee is too large
                              @ 27   java.lang.IndexOutOfBoundsException::<init> (6 bytes)   failed to inline: don't inline Throwable constructors
                              @ 32   java.util.BitSet::wordIndex (5 bytes)   inline
                              @ 38   java.util.BitSet::expandTo (23 bytes)   inline
                                @ 14   java.util.BitSet::ensureCapacity (39 bytes)   failed to inline: callee is too large
                              @ 54   java.util.BitSet::checkInvariants (111 bytes)   failed to inline: callee is too large
                              @ 1   java.lang.Number::<init> (5 bytes)   inline
                                @ 1   java.lang.Object::<init> (1 bytes)   inline
                              @ 14   java.util.BitSet::ensureCapacity (39 bytes)   failed to inline: callee is too large
                              @ 17   java.lang.Math::max (11 bytes)   inline
                              @ 27   java.util.Arrays::copyOf (33 bytes)   failed to inline: callee uses too much stack
                              @ 4   java.lang.Integer::hashCode (2 bytes)   inline
                              @ 4   java.lang.invoke.MethodHandle::invokeBasic()L (0 bytes)   failed to inline: receiver not constant
                              @ 1   java.lang.Object::<init> (1 bytes)   inline
                              @ 17   java.util.BitSet::initWords (15 bytes)   inline
                                @ 4   java.util.BitSet::wordIndex (5 bytes)   inline
                              @ 4   java.util.BitSet::wordIndex (5 bytes)   inline
                              @ 4   java.util.zip.ZipFile$Source::lambda$initCEN$0 (8 bytes)   inline
                                @ 4   java.util.BitSet::<init> (26 bytes)   inline
                                  @ 1   java.lang.Object::<init> (1 bytes)   inline
                                  @ 17   java.util.BitSet::initWords (15 bytes)   inline
                                    @ 4   java.util.BitSet::wordIndex (5 bytes)   inline
                              @ 4   java.util.BitSet::<init> (26 bytes)   inline
                                @ 1   java.lang.Object::<init> (1 bytes)   inline
                                @ 17   java.util.BitSet::initWords (15 bytes)   inline
                                  @ 4   java.util.BitSet::wordIndex (5 bytes)   inline
                              @ 32   java.util.jar.Manifest$FastInputStream::fill (38 bytes)   failed to inline: callee is too large
                              @ 165   java.lang.System::arraycopy (0 bytes)   intrinsic
                              @ 224   java.util.jar.Manifest$FastInputStream::fill (38 bytes)   failed to inline: callee is too large
                              @ 4   java.util.function.Function::apply (0 bytes)   failed to inline: no static binding
                              @ 5   java.lang.ref.Cleaner$1::apply (5 bytes)   inline
                              @ 54   java.lang.AbstractStringBuilder::newCapacity (49 bytes)   failed to inline: callee is too large
                              @ 100   java.util.Arrays::copyOf (33 bytes)   failed to inline: callee uses too much stack
                              @ 108   java.lang.StringUTF16::newBytesFor (7 bytes)   inline
                                @ 1   java.lang.StringUTF16::newBytesLength (59 bytes)   failed to inline: callee is too large
                              @ 119   java.lang.StringLatin1::inflate (10 bytes)   failed to inline: callee uses too much stack
                              @ 1   java.lang.String::isLatin1 (19 bytes)   inline (hot)
                              @ 12   java.lang.StringLatin1::charAt                      (15 bytes)   inline (hot)
                                       @ 6   jdk.internal.util.Preconditions::checkFromIndexSize (25 bytes)   inline  @ 3   java.lang.String::checkIndex
 (10 bytes)   inline (hot)
                                  @ 5   jdk.internal.util.Preconditions::                                @ 19  checkIndex (18 bytes)   (intrinsic)
              jdk.internal.util.Preconditions::outOfBoundsCheckFromIndexSize (32 bytes)   failed to inline: callee is too large
                 @ 21   java.lang.StringUTF16::charAt (11 bytes)   failed to inline: low call site frequency
                              @ 5   java.util.jar.Manifest$FastInputStream::readLine (296 bytes)   failed to inline: callee is too large
                              @ 12   java.util.jar.Manifest$FastInputStream::fill (38 bytes)   failed to inline: callee is too large
                              @ 9   java.util.zip.ZipUtils::CENSIG (8 bytes)   inline (hot)
                                @ 4   java.util.zip.ZipUtils::get32 (40 bytes)   inline (hot)
                                  @ 6   jdk.internal.util.Preconditions::checkIndex (18 bytes)   (intrinsic)
                                  @ 18   jdk.internal.util.Preconditions::checkIndex (18 bytes)   (intrinsic)
                                  @ 33   jdk.internal.misc.Unsafe::getIntUnaligned (12 bytes)   inline (hot)
                                    @ 5   jdk.internal.misc.Unsafe::getIntUnaligned (83 bytes)   (intrinsic)
                                    @ 8   jdk.internal.misc.Unsafe::convEndian (16 bytes)   inline (hot)
                                  @ 36   java.lang.Integer::toUnsignedLong (7 bytes)   inline (hot)
                              @ 27   java.util.zip.ZipUtils::CENHOW (9 bytes)   inline (hot)
                                @ 5   java.util.zip.ZipUtils::get16 (40 bytes)   inline (hot)
                                  @ 6   jdk.internal.util.Preconditions::checkIndex (18 bytes)   (intrinsic)
                                  @ 18   jdk.internal.util.Preconditions::checkIndex (18 bytes)   (intrinsic)
                                  @ 33   jdk.internal.misc.Unsafe::getShortUnaligned (12 bytes)   inline (hot)
                                    @ 5   jdk.internal.misc.Unsafe::getShortUnaligned (33 bytes)   (intrinsic)
                                    @ 8   jdk.internal.misc.Unsafe::convEndian (16 bytes)   inline (hot)
                                  @ 36   java.lang.Short::toUnsignedInt (5 bytes)   inline (hot)
                              @ 35   java.util.zip.ZipUtils::CENFLG (9 bytes)   inline (hot)
                                @ 5   java.util.zip.ZipUtils::get16 (40 bytes)   inline (hot)
                                  @ 6   jdk.internal.util.Preconditions::checkIndex (18 bytes)   (intrinsic)
                                  @ 18   jdk.internal.util.Preconditions::checkIndex (18 bytes)   (intrinsic)
                                  @ 33   jdk.internal.misc.Unsafe::getShortUnaligned (12 bytes)   inline (hot)
                                    @ 5   jdk.internal.misc.Unsafe::getShortUnaligned (33 bytes)   (intrinsic)
                                    @ 8   jdk.internal.misc.Unsafe::convEndian (16 bytes)   inline (hot)
                                  @ 36   java.lang.Short::toUnsignedInt (5 bytes)   inline (hot)
                              @ 101   java.util.zip.ZipUtils::CENNAM (9 bytes)   inline (hot)
                                @ 5   java.util.zip.ZipUtils::get16 (40 bytes)   inline (hot)
                                  @ 6   jdk.internal.util.Preconditions::checkIndex (18 bytes)   (intrinsic)
                                  @ 18   jdk.internal.util.Preconditions::checkIndex (18 bytes)   (intrinsic)
                                  @ 33   jdk.internal.misc.Unsafe::getShortUnaligned (12 bytes)   inline (hot)
                                    @ 5   jdk.internal.misc.Unsafe::getShortUnaligned (33 bytes)   (intrinsic)
                                    @ 8   jdk.internal.misc.Unsafe::convEndian (16 bytes)   inline (hot)
                                  @ 36   java.lang.Short::toUnsignedInt (5 bytes)   inline (hot)
                              @ 109   java.util.zip.ZipUtils::CENEXT (9 bytes)   inline (hot)
                                @ 5   java.util.zip.ZipUtils::                              @ 14  jdk/internal/foreign/AbstractMemorySegmentImpl::sessionImplget16 (40 bytes)   inline (hot)
                           (not loaded)   failed to inline: not inlineable
        @ 6   jdk.internal.util.Preconditions::checkIndex (18 bytes)   (intrinsic)
                                  @ 18   jdk.internal.util.Preconditions::checkIndex (18 bytes)   (intrinsic)
                                  @ 33   jdk.internal.misc.Unsafe::getShortUnaligned (12 bytes)   inline (hot)
                                    @ 5   jdk.internal.misc.Unsafe::getShortUnaligned (33 bytes)   (intrinsic)
                                    @ 8   jdk.internal.misc.Unsafe::convEndian (16 bytes)   inline (hot)
                                                 @ 8   jdk.internal.util.Preconditions::checkIndex (18 bytes)   intrinsic
               @ 36   java.lang.Short::toUnsignedInt (5 bytes)   inline (hot)
                              @ 117   java.util.zip.ZipUtils::CENCOM (9 bytes)   inline (hot)
                                @ 5   java.util.zip.ZipUtils::get16 (40 bytes)   inline (hot)
                                  @ 6   jdk.internal.util.Preconditions::checkIndex (18 bytes)   (intrinsic)
                                  @ 18   jdk.internal.util.Preconditions::checkIndex (18 bytes)   (intrinsic)
                                  @ 33   jdk.internal.misc.Unsafe::getShortUnaligned (12 bytes)   inline (hot)
                                    @ 5   jdk.internal.misc.Unsafe::getShortUnaligned (33 bytes)   (intrinsic)
                                    @ 8   jdk.internal.misc.Unsafe::convEndian (16 bytes)   inline (hot)
                                  @ 36   java.lang.Short::toUnsignedInt (5 bytes)   inline (hot)
                              @ 177   java.util.zip.ZipFile$Source::checkExtraFields (189 bytes)   failed to inline: too big
                              @ 191   java.util.zip.ZipUtils::CENSIZ (9 bytes)   inline (hot)
                                @ 5   java.util.zip.ZipUtils::get32 (40 bytes)   inline (hot)
                                  @ 6   jdk.internal.util.Preconditions::checkIndex (18 bytes)   (intrinsic)
                                  @ 18   jdk.internal.util.Preconditions::checkIndex (18 bytes)   (intrinsic)
                                  @ 33   jdk.internal.misc.Unsafe::getIntUnaligned (12 bytes)   inline (hot)
                                    @ 5   jdk.internal.misc.Unsafe::getIntUnaligned (83 bytes)   (intrinsic)
                                    @ 8   jdk.internal.misc.Unsafe::convEndian (16 bytes)   inline (hot)
                                  @ 36   java.lang.Integer::toUnsignedLong (7 bytes)   inline (hot)
                              @ 204   java.util.zip.ZipUtils::CENLEN (9 bytes)   inline (hot)
                                @ 5   java.util.zip.ZipUtils::get32 (40 bytes)   inline (hot)
                                  @ 6   jdk.internal.util.Preconditions::checkIndex (18 bytes)   (intrinsic)
                                  @ 18   jdk.internal.util.Preconditions::checkIndex (18 bytes)   (intrinsic)
                                  @ 33   jdk.internal.misc.Unsafe::getIntUnaligned (12 bytes)   inline (hot)
                                    @ 5   jdk.internal.misc.Unsafe::getIntUnaligned (83 bytes)   (intrinsic)
                                    @ 8   jdk.internal.misc.Unsafe::convEndian (16 bytes)   inline (hot)
                                  @ 36   java.lang.Integer::toUnsignedLong (7 bytes)   inline (hot)
                              @ 217   java.util.zip.ZipUtils::CENOFF (9 bytes)   inline (hot)
                                @ 5   java.util.zip.ZipUtils::get32 (40 bytes)   inline (hot)
                                  @ 6   jdk.internal.util.Preconditions::checkIndex (18 bytes)   (intrinsic)
                                  @ 18   jdk.internal.util.Preconditions::checkIndex (18 bytes)   (intrinsic)
                                  @ 33   jdk.internal.misc.Unsafe::getIntUnaligned (12 bytes)   inline (hot)
                                    @ 5   jdk.internal.misc.Unsafe::getIntUnaligned (83 bytes)   (intrinsic)
                                    @ 8   jdk.internal.misc.Unsafe::convEndian (16 bytes)   inline (hot)
                                  @ 36   java.lang.Integer::toUnsignedLong (7 bytes)   inline (hot)
                              @ 230   java.util.zip.ZipUtils::CENDSK (9 bytes)   inline (hot)
                                @ 5   java.util.zip.ZipUtils::get16 (40 bytes)   inline (hot)
                                  @ 6   jdk.internal.util.Preconditions::checkIndex (18 bytes)   (intrinsic)
                                  @ 18   jdk.internal.util.Preconditions::checkIndex (18 bytes)   (intrinsic)
                                  @ 33   jdk.internal.misc.Unsafe::getShortUnaligned (12 bytes)   inline (hot)
                                    @ 5   jdk.internal.misc.Unsafe::getShortUnaligned (33 bytes)   (intrinsic)
                                    @ 8   jdk.internal.misc.Unsafe::convEndian (16 bytes)   inline (hot)
                                  @ 36   java.lang.Short::toUnsignedInt (5 bytes)   inline (hot)
                              @ 250   java.util.zip.ZipCoder$UTF8ZipCoder::checkedHash (78 bytes)   inline (hot)   callee changed to  java.util.zip.ZipFile$Source::checkAndAddEntry (350 bytes)    \-> TypeProfile (17505/17505 counts) = java/util/zip/ZipCoder$UTF8ZipCoder
                                @ 17   java.lang.System$1::uncheckedCountPositives (7 bytes)   inline (hot)
                                  @ 3   java.lang.StringCoding::countPositives (33 bytes)   (intrinsic)
                                @ 49   jdk.internal.util.ArraysSupport::hashCodeOfUnsigned (55 bytes)   inline (hot)
                                  @ 39   java.lang.Byte::toUnsignedInt (6 bytes)   inline (hot)
                                  @ 51   jdk.internal.util.ArraysSupport::vectorizedHashCode (158 bytes)   (intrinsic)
                              @ 1   java.lang.Object::<init> (1 bytes)   inline
                              @ 47   java.lang.StringCoding::countPositives (33 bytes)   failed to inline: inlining prohibited by policy
                              @ 66   java.util.Arrays::copyOfRange (82 bytes)   failed to inline: callee is too large
                              @ 84   java.util.Arrays::copyOfRange (82 bytes)   failed to inline: callee is too large
                              @ 173   java.lang.String::decode2 (12 bytes)   inline
                              @ 209   java.util.Arrays::copyOf (33 bytes)   failed to inline: callee uses too much stack
                              @ 228   java.lang.StringUTF16::newBytesFor (7 bytes)   inline
                                @ 1   java.lang.StringUTF16::newBytesLength (59 bytes)   failed to inline: callee is too large
                              @ 241   java.lang.StringLatin1::inflate (10 bytes)   failed to inline: callee uses too much stack
                              @ 255   java.lang.String::decodeUTF8_UTF16 (624 bytes)   failed to inline: callee is too large
                              @ 273   java.util.Arrays::copyOf (33 bytes)   failed to inline: callee uses too much stack
                              @ 366   java.util.Arrays::copyOfRange (82 bytes)   failed to inline: callee is too large
                              @ 416   java.lang.StringCoding::hasNegatives (16 bytes)   inline
                                @ 3   java.lang.StringCoding::countPositives (33 bytes)   failed to inline: inlining prohibited by policy
                              @ 429   java.util.Arrays::copyOfRange (82 bytes)   failed to inline: callee is too large
                              @ 445   java.lang.StringUTF16::newBytesFor (7 bytes)   inline
                                @ 1   java.lang.StringUTF16::newBytesLength (59 bytes)   failed to inline: callee is too large
                              @ 488   java.lang.StringUTF16::putChar (54 bytes)   intrinsic
                              @ 509   sun.nio.cs.UTF_8::newDecoder (9 bytes)   inline
                                @ 5  sun/nio/cs/UTF_8$Decoder::<init> (not loaded)   failed to inline: not inlineable
                              @ 531  sun/nio/cs/ArrayDecoder::isASCIICompatible (not loaded)   failed to inline: not inlineable
                              @ 543   java.lang.StringCoding::hasNegatives (16 bytes)   inline
                                @ 3   java.lang.StringCoding::countPositives (33 bytes)   failed to inline: inlining prohibited by policy
                              @ 562   java.util.Arrays::copyOfRange (82 bytes)   failed to inline: callee is too large
                              @ 599  sun/nio/cs/ArrayDecoder::isLatin1Decodable (not loaded)   failed to inline: not inlineable
                              @ 621  sun/nio/cs/ArrayDecoder::decodeToLatin1 (not loaded)   failed to inline: not inlineable
                              @ 643  java/nio/charset/CharsetDecoder::maxCharsPerByte (not loaded)   failed to inline: not inlineable
                              @ 646   java.lang.String::scale (7 bytes)   inline
                              @ 656  java/nio/charset/CharsetDecoder::onMalformedInput (not loaded)   failed to inline: not inlineable
                              @ 662  java/nio/charset/CharsetDecoder::onUnmappableCharacter (not loaded)   failed to inline: not inlineable
                              @ 680  sun/nio/cs/ArrayDecoder::decode (not loaded)   failed to inline: not inlineable
                              @ 698   java.lang.StringUTF16::compress (59 bytes)   force inline by annotation
                                @ 9   java.lang.StringUTF16::compress (47 bytes)   failed to inline: callee is too large
                                @ 23   java.lang.StringUTF16::toBytes (34 bytes)   failed to inline: callee is too large
                                @ 32   java.lang.StringUTF16::getChar (60 bytes)   intrinsic
                                @ 47   java.lang.StringUTF16::compress (56 bytes)   failed to inline: callee is too large
                              @ 708   java.lang.StringUTF16::coderFromArrayLen (9 bytes)   force inline by annotation
                              @ 743  java/nio/charset/CharsetDecoder::maxCharsPerByte (not loaded)   failed to inline: not inlineable
                              @ 746   java.lang.String::scale (7 bytes)   inline
                              @ 756  java/nio/charset/CharsetDecoder::onMalformedInput (not loaded)   failed to inline: not inlineable
                              @ 762  java/nio/charset/CharsetDecoder::onUnmappableCharacter (not loaded)   failed to inline: not inlineable
                              @ 780   java.lang.String::decodeWithDecoder (69 bytes)   failed to inline: callee is too large
                              @ 796   java.lang.Error::<init> (20 bytes)   failed to inline: don't inline Throwable constructors
                              @ 811   java.lang.StringUTF16::compress (59 bytes)   force inline by annotation
                                @ 9   java.lang.StringUTF16::compress (47 bytes)   failed to inline: callee is too large
                                @ 23   java.lang.StringUTF16::toBytes (34 bytes)   failed to inline: callee is too large
                                @ 32   java.lang.StringUTF16::getChar (60 bytes)   intrinsic
                                @ 47   java.lang.StringUTF16::compress (56 bytes)   failed to inline: callee is too large
                              @ 821   java.lang.StringUTF16::coderFromArrayLen (9 bytes)   force inline by annotation
                              @ 4   jdk.internal.util.Preconditions::checkFromIndexSize (25 bytes)   inline
                                @ 19   jdk.internal.util.Preconditions::outOfBoundsCheckFromIndexSize (32 bytes)   failed to inline: callee is too large
                              @ 4   java.util.Objects::checkFromIndexSize (8 bytes)   inline
                                @ 4   jdk.internal.util.Preconditions::checkFromIndexSize (25 bytes)   inline
                                  @ 19   jdk.internal.util.Preconditions::outOfBoundsCheckFromIndexSize (32 bytes)   failed to inline: callee is too large
                              @ 15   java.io.ByteArrayOutputStream::ensureCapacity (32 bytes)   failed to inline: callee uses too much stack
                              @ 29   java.lang.System::arraycopy (0 bytes)   intrinsic
                              @ 3   java.util.Objects::requireNonNull (14 bytes)   force inline by annotation
                                @ 8   java.lang.NullPointerException::<init> (5 bytes)   failed to inline: don't inline Throwable constructors
                              @ 14   java.lang.String::checkBoundsOffCount (10 bytes)   inline
                                @ 6   jdk.internal.util.Preconditions::checkFromIndexSize (25 bytes)   inline
                                  @ 19   jdk.internal.util.Preconditions::outOfBoundsCheckFromIndexSize (32 bytes)   failed to inline: callee is too large
               !              @ 18   java.lang.String::<init> (852 bytes)   failed to inline: callee is too large
                              @ 22   jdk.internal.util.ArraysSupport::newLength (27 bytes)   inline
                                @ 3   java.lang.Math::max (11 bytes)   inline
                                @ 23   jdk.internal.util.ArraysSupport::hugeLength (60 bytes)   failed to inline: callee is too large
                              @ 25   java.util.Arrays::copyOf (33 bytes)   failed to inline: callee uses too much stack
                              @ 3   java.lang.Math::max (11 bytes)   inline
                              @ 23   jdk.internal.util.ArraysSupport::hugeLength (60 bytes)   failed to inline: callee is too large
                              @ 1   java.lang.Object::<init> (1 bytes)   inline
                              @ 5   java.lang.AbstractStringBuilder::getValue (5 bytes)   inline
                              @ 10   java.lang.StringBuilder::length (5 bytes)   inline
                                @ 1   java.lang.AbstractStringBuilder::length (5 bytes)   inline
                              @ 16   java.lang.AbstractStringBuilder::isLatin1 (8 bytes)   inline
                                @ 4   java.lang.AbstractStringBuilder::isLatin1 (16 bytes)   inline
                              @ 32   java.util.Arrays::copyOfRange (82 bytes)   failed to inline: callee is too large
                              @ 59   java.lang.StringUTF16::compress (66 bytes)   failed to inline: callee is too large
                              @ 72   java.lang.StringUTF16::coderFromArrayLen (9 bytes)   force inline by annotation
                              @ 91   java.util.Arrays::copyOfRange (82 bytes)   failed to inline: callee is too large
                              @ 7   java.lang.Object::clone (0 bytes)   intrinsic
                              @ 25   java.lang.Math::min (11 bytes)   inline
                              @ 28   java.lang.System::arraycopy (0 bytes)   intrinsic
                              @ 102   java.lang.Math::max (11 bytes)   inline
                              @ 14   java.io.RandomAccessFile::seek (22 bytes)   inline
                                @ 12  java/io/IOException::<init> (not loaded)   failed to inline: not inlineable
                                @ 18   java.io.RandomAccessFile::seek0 (0 bytes)   failed to inline: native method
                              @ 30   java.lang.Math::min (11 bytes)   inline
                              @ 43   java.io.RandomAccessFile::readFully (45 bytes)   failed to inline: callee is too large
                              @ 1   java.lang.Object::<init> (1 bytes)   inline
                              @ 2   java.util.Objects::requireNonNull (14 bytes)   force inline by annotation
                                @ 8   java.lang.NullPointerException::<init> (5 bytes)   failed to inline: don't inline Throwable constructors
                              @ 6   jdk.internal.ref.CleanerImpl::getCleanerImpl (13 bytes)   inline
                                @ 4   java.util.function.Function::apply (0 bytes)   failed to inline: no static binding
                              @ 12   java.lang.ref.PhantomReference::<init> (7 bytes)   inline
                                @ 3   java.lang.ref.Reference::<init> (25 bytes)   inline
                                  @ 1   java.lang.Object::<init> (1 bytes)   inline
                              @ 22   jdk.internal.ref.CleanerImpl::getCleanerImpl (13 bytes)   inline
                                @ 4   java.util.function.Function::apply (0 bytes)   failed to inline: no static binding
              s               @ 36   jdk.internal.ref.CleanerImpl$CleanableList::insert (126 bytes)   failed to inline: callee is too large
                              @ 82   java.lang.ref.Reference::reachabilityFence (1 bytes)   force inline by annotation
                              @ 86   java.lang.ref.Reference::reachabilityFence (1 bytes)   force inline by annotation
                              @ 3   java.lang.ref.Reference::<init> (25 bytes)   inline
                                @ 1   java.lang.Object::<init> (1 bytes)   inline
                              @ 22   jdk.internal.util.ArraysSupport::newLength (27 bytes)   inline
                                @ 3   java.lang.Math::max (11 bytes)   inline
                                @ 23   jdk.internal.util.ArraysSupport::hugeLength (60 bytes)   failed to inline: callee is too large
                              @ 40   java.lang.OutOfMemoryError::<init> (6 bytes)   failed to inline: don't inline Throwable constructors
                              @ 32   java.util.jar.Manifest$FastInputStream::fill (38 bytes)   failed to inline: too big
                              @ 165   java.lang.System::arraycopy (0 bytes)   (intrinsic)
                              @ 224   java.util.jar.Manifest$FastInputStream::fill (38 bytes)   failed to inline: too big
                              @ 2   java.util.jar.Attributes$Name::of (28 bytes)   inline
                                @ 4   java.util.ImmutableCollections$MapN::get (35 bytes)   failed to inline: callee is too large
                                @ 24   java.util.jar.Attributes$Name::<init> (22 bytes)   inline
                                  @ 1   java.lang.Object::<init> (1 bytes)   inline
                                  @ 7   java.util.jar.Attributes$Name::hash (148 bytes)   failed to inline: callee is too large
                                  @ 15   java.lang.String::intern (0 bytes)   failed to inline: native method
                              @ 6   java.util.jar.Attributes::put (18 bytes)   inline
                                @ 12   java.util.Map::put (0 bytes)   failed to inline: no static binding
                              @ 4   java.util.ImmutableCollections$MapN::get (35 bytes)   inline
                                @ 16   java.util.ImmutableCollections$MapN::probe (60 bytes)   failed to inline: callee is too large
                              @ 24   java.util.jar.Attributes$Name::<init> (22 bytes)   inline
                                @ 1   java.lang.Object::<init> (1 bytes)   inline
                                @ 7   java.util.jar.Attributes$Name::hash (148 bytes)   failed to inline: callee is too large
                                @ 15   java.lang.String::intern (0 bytes)   failed to inline: native method
                              @ 23   java.util.HashMap::hash (20 bytes)   inline
                                @ 9   java.lang.Object::hashCode (0 bytes)   failed to inline: no static binding
                              @ 63   java.lang.Object::equals (11 bytes)   failed to inline: no static binding
                              @ 95   java.util.HashMap$TreeNode::getTreeNode (22 bytes)   failed to inline: callee's klass not linked yet
                              @ 128   java.lang.Object::equals (11 bytes)   failed to inline: no static binding
                              @ 31   java.util.ImmutableCollections$AbstractImmutableList::outOfBounds (39 bytes)   failed to inline: callee is too large
                              @ 1   java.lang.Object::hashCode (0 bytes)   failed to inline: no static binding
                              @ 2   java.lang.ref.Reference::refersToImpl (6 bytes)   failed to inline: no static binding
                              @ 2   java.lang.ref.Reference::refersTo0 (0 bytes)   failed to inline: native method
                              @ 5   java.util.List::get (0 bytes)   failed to inline: no static binding
                              @ 13   java.lang.Integer::intValue (5 bytes)   inline
                              @ 1   java.lang.Object::<init> (1 bytes)   inline
                              @ 3   java.util.Objects::requireNonNull (15 bytes)   force inline by annotation
                                @ 9   java.lang.NullPointerException::<init> (6 bytes)   failed to inline: don't inline Throwable constructors
                              @ 10   java.util.Objects::requireNonNull (15 bytes)   force inline by annotation
                                @ 9   java.lang.NullPointerException::<init> (6 bytes)   failed to inline: don't inline Throwable constructors
                              @ 21   jdk.internal.ref.CleanerImpl$PhantomCleanableRef::<init> (12 bytes)   inline
                                @ 3   jdk.internal.ref.PhantomCleanable::<init> (90 bytes)   failed to inline: callee is too large
                              @ 50   jdk.internal.loader.URLClassPath$JarLoader::getJarFile (102 bytes)   failed to inline: callee is too large
                              @ 3   java.lang.AbstractStringBuilder::<init> (39 bytes)   failed to inline: callee is too large
                              @ 1   java.lang.StringBuilder::length (5 bytes)   inline
                                @ 1   java.lang.AbstractStringBuilder::length (5 bytes)   inline
                              @ 16   java.lang.String::<init> (98 bytes)   failed to inline: callee is too large
                              @ 14  java/lang/IllegalStateException::<init> (not loaded)   failed to inline: not inlineable
                              @ 35  java/lang/IllegalStateException::<init> (not loaded)   failed to inline: not inlineable
                              @ 37   jdk.internal.ref.CleanerImpl$CleanableList$Node::<init> (15 bytes)   inline
                                @ 1   java.lang.Object::<init> (1 bytes)   inline
                              @ 32   java.util.jar.Manifest$FastInputStream::fill (38 bytes)   failed to inline: too big
                              @ 165   java.lang.System::arraycopy (0 bytes)   (intrinsic)
                              @ 224   java.util.jar.Manifest$FastInputStream::fill (38 bytes)   failed to inline: too big
                              @ 9   java.util.LinkedHashMap$Entry::<init> (10 bytes)   failed to inline: callee uses too much stack
                              @ 17   java.util.LinkedHashMap::linkNodeAtEnd (76 bytes)   failed to inline: callee is too large
                              @ 6   java.util.HashMap$Node::<init> (26 bytes)   inline
                                @ 1   java.lang.Object::<init> (1 bytes)   inline
                              @ 15   java.util.LinkedHashMap::removeEldestEntry (2 bytes)   inline
                              @ 1   java.lang.Object::<init> (1 bytes)   inline
                              @ 3   java.util.Objects::requireNonNull (15 bytes)   force inline by annotation
                                @ 9   java.lang.NullPointerException::<init> (6 bytes)   failed to inline: don't inline Throwable constructors
                              @ 8   java.lang.String::length (11 bytes)   inline
                                @ 6   java.lang.String::coder (15 bytes)   inline
                              @ 45   java.lang.String::charAt (25 bytes)   inline
                                @ 1   java.lang.String::isLatin1 (19 bytes)   inline
                                @ 12   java.lang.StringLatin1::charAt (15 bytes)   inline
                                  @ 3   java.lang.String::checkIndex (10 bytes)   inline
                                    @ 5   jdk.internal.util.Preconditions::checkIndex (18 bytes)   intrinsic
                                @ 21   java.lang.StringUTF16::charAt (11 bytes)   inline
                                  @ 2   java.lang.StringUTF16::checkIndex (9 bytes)   inline
                                    @ 2   java.lang.StringUTF16::length (5 bytes)   inline
                                    @ 5   java.lang.String::checkIndex (10 bytes)   inline
                                      @ 5   jdk.internal.util.Preconditions::checkIndex (18 bytes)   intrinsic
                                  @ 7   java.lang.StringUTF16::getChar (60 bytes)   intrinsic
                              @ 136   java.lang.IllegalArgumentException::<init> (6 bytes)   failed to inline: don't inline Throwable constructors
                              @ 27   java.lang.IllegalArgumentException::<init> (6 bytes)   failed to inline: don't inline Throwable constructors
                              @ 1   java.lang.Object::hashCode (0 bytes)   failed to inline: no static binding
                              @ 11   java.lang.Math::floorMod (20 bytes)   inline
                              @ 35   java.lang.Object::equals (11 bytes)   failed to inline: no static binding
                              @ 8   java.util.Objects::requireNonNull (14 bytes)   force inline by annotation
                                @ 8   java.lang.NullPointerException::<init> (5 bytes)   failed to inline: don't inline Throwable constructors
                              @ 16   java.util.ImmutableCollections$MapN::probe (60 bytes)   failed to inline: callee is too large
                              @ 3   java.lang.StringCoding::countPositives (33 bytes)   failed to inline: inlining prohibited by policy
                              @ 1   java.lang.String::length (11 bytes)   inline
                                @ 6   java.lang.String::coder (15 bytes)   inline
                              @ 16   java.lang.String::charAt (25 bytes)   inline
                                @ 1   java.lang.String::isLatin1 (19 bytes)   inline
                                @ 12   java.lang.StringLatin1::charAt (15 bytes)   inline
                                  @ 3   java.lang.String::checkIndex (10 bytes)   inline
                                    @ 5   jdk.internal.util.Preconditions::checkIndex (18 bytes)   intrinsic
                                @ 21   java.lang.StringUTF16::charAt (11 bytes)   inline
                                  @ 2   java.lang.StringUTF16::checkIndex (9 bytes)   inline
                                    @ 2   java.lang.StringUTF16::length (5 bytes)   inline
                                    @ 5   java.lang.String::checkIndex (10 bytes)   inline
                                      @ 5   jdk.internal.util.Preconditions::checkIndex (18 bytes)   intrinsic
                                  @ 7   java.lang.StringUTF16::getChar (60 bytes)   intrinsic
                              @ 39   sun.nio.fs.UnixPath::normalize (130 bytes)   failed to inline: callee is too large
                              @ 46   sun.nio.fs.UnixPath::checkNotNul (16 bytes)   inline
                                @ 11  java/nio/file/InvalidPathException::<init> (not loaded)   failed to inline: not inlineable
                              @ 74   java.lang.String::substring (58 bytes)   failed to inline: callee is too large
                              @ 1   java.lang.Object::<init> (1 bytes)   inline
                              @ 13   java.lang.StringBuilder::<init> (7 bytes)   inline
                                @ 3   java.lang.AbstractStringBuilder::<init> (39 bytes)   failed to inline: callee is too large
                              @ 17   java.lang.StringBuilder::append (8 bytes)   inline
                                @ 2   java.lang.AbstractStringBuilder::append (72 bytes)   failed to inline: callee is too large
                              @ 22   java.lang.StringBuilder::append (8 bytes)   inline
                                @ 2   java.lang.AbstractStringBuilder::append (100 bytes)   failed to inline: callee is too large
                              @ 26   java.lang.StringBuilder::append (8 bytes)   inline
                                @ 2   java.lang.AbstractStringBuilder::append (72 bytes)   failed to inline: callee is too large
                              @ 29   java.lang.StringBuilder::toString (20 bytes)   inline
                                @ 1   java.lang.StringBuilder::length (5 bytes)   inline
                                  @ 1   java.lang.AbstractStringBuilder::length (5 bytes)   inline
                                @ 16   java.lang.String::<init> (98 bytes)   failed to inline: callee is too large
                              @ 32   java.lang.IllegalArgumentException::<init> (6 bytes)   failed to inline: don't inline Throwable constructors
                              @ 41   java.lang.Math::max (12 bytes)   inline
                              @ 44   java.lang.Math::min (12 bytes)   inline
                              @ 1   java.lang.String::hashCode (60 bytes)   failed to inline: callee is too large
                              @ 6   java.lang.String::length (11 bytes)   inline
                                @ 6   java.lang.String::coder (15 bytes)   inline
                              @ 18   java.lang.String::charAt (25 bytes)   inline
                                @ 1   java.lang.String::isLatin1 (19 bytes)   inline
                                @ 12   java.lang.StringLatin1::charAt (15 bytes)   inline
                                  @ 3   java.lang.String::checkIndex (10 bytes)   inline
                                    @ 5   jdk.internal.util.Preconditions::checkIndex (18 bytes)   intrinsic
                                @ 21   java.lang.StringUTF16::charAt (11 bytes)   inline
                                  @ 2   java.lang.StringUTF16::checkIndex (9 bytes)   inline
                                    @ 2   java.lang.StringUTF16::length (5 bytes)   inline
                                    @ 5   java.lang.String::checkIndex (10 bytes)   inline
                                      @ 5   jdk.internal.util.Preconditions::checkIndex (18 bytes)   intrinsic
                                  @ 7   java.lang.StringUTF16::getChar (60 bytes)   intrinsic
                              @ 10   java.util.zip.ZipCoder::hash (36 bytes)   failed to inline: callee is too large
                              @ 44   java.util.zip.ZipFile$Source::getEntryHash (7 bytes)   inline
                              @ 55   java.util.zip.ZipFile$Source::getEntryPos (9 bytes)   inline
                              @ 73   java.util.zip.ZipUtils::CENNAM (9 bytes)   inline
                                @ 5   java.util.zip.ZipUtils::get16 (40 bytes)   failed to inline: callee is too large
                              @ 85   java.util.zip.ZipFile::zipCoderFor (27 bytes)   inline
                                @ 1   java.util.zip.ZipCoder::isUTF8 (2 bytes)   failed to inline: no static binding
                                @ 11   java.util.zip.ZipUtils::CENFLG (9 bytes)   inline
                                  @ 5   java.util.zip.ZipUtils::get16 (40 bytes)   failed to inline: callee is too large
                              @ 102   java.util.zip.ZipCoder::compare (66 bytes)   failed to inline: no static binding
                              @ 139   java.util.zip.ZipFile$EntryPos::<init> (15 bytes)   inline
                                @ 1   java.lang.Record::<init> (5 bytes)   inline
                                  @ 1   java.lang.Object::<init> (1 bytes)   inline
                              @ 153   java.util.zip.ZipFile$Source::getEntryNext (9 bytes)   inline
                              @ 175   java.lang.StringBuilder::<init> (7 bytes)   inline
                                @ 3   java.lang.AbstractStringBuilder::<init> (39 bytes)   failed to inline: callee is too large
                              @ 179   java.lang.StringBuilder::append (8 bytes)   inline
                                @ 2   java.lang.AbstractStringBuilder::append (100 bytes)   failed to inline: callee is too large
                              @ 185   java.lang.StringBuilder::append (8 bytes)   inline
                                @ 2   java.lang.AbstractStringBuilder::append (100 bytes)   failed to inline: callee is too large
                              @ 188   java.lang.StringBuilder::toString (20 bytes)   inline
                                @ 1   java.lang.StringBuilder::length (5 bytes)   inline
                                  @ 1   java.lang.AbstractStringBuilder::length (5 bytes)   inline
                                @ 16   java.lang.String::<init> (98 bytes)   failed to inline: callee is too large
                              @ 193   java.util.zip.ZipFile$EntryPos::<init> (15 bytes)   inline
                                @ 1   java.lang.Record::<init> (5 bytes)   inline
                                  @ 1   java.lang.Object::<init> (1 bytes)   inline
                              @ 3   java.util.Objects::requireNonNull (15 bytes)   force inline by annotation
                                @ 9   java.lang.NullPointerException::<init> (6 bytes)   failed to inline: don't inline Throwable constructors
                              @ 14   java.util.zip.ZipFile::ensureOpen (40 bytes)   failed to inline: callee is too large
                              @ 30   java.util.zip.ZipFile$Source::getEntryPos (199 bytes)   failed to inline: callee is too large
                              @ 51   java.util.zip.ZipFile::getZipEntry (249 bytes)   failed to inline: callee is too large
                              @ 13   java.util.ArrayList::size (5 bytes)   inline
                              @ 33   java.util.ArrayDeque::pollFirst (36 bytes)   failed to inline: callee is too large
                              @ 61   sun.net.util.URLUtil::urlNoFragString (143 bytes)   failed to inline: callee is too large
                              @ 70   java.util.HashMap::containsKey (14 bytes)   inline
                                @ 2   java.util.HashMap::getNode (150 bytes)   failed to inline: callee is too large
                              @ 84   jdk.internal.loader.URLClassPath::getLoader (124 bytes)   failed to inline: callee is too large
                              @ 91   jdk.internal.loader.URLClassPath$Loader::getClassPath (2 bytes)   failed to inline: no static binding
               !              @ 149   jdk.internal.loader.URLClassPath::closeQuietly (49 bytes)   failed to inline: callee is too large
               !m             @ 163   jdk.internal.loader.URLClassPath::push (45 bytes)   failed to inline: callee is too large
                              @ 172   java.util.ArrayList::add (25 bytes)   inline
                                @ 20   java.util.ArrayList::add (23 bytes)   inline
                                  @ 7   java.util.ArrayList::grow (11 bytes)   inline
                                    @ 7   java.util.ArrayList::grow (60 bytes)   failed to inline: callee is too large
                              @ 183   java.util.HashMap::put (13 bytes)   failed to inline: callee uses too much stack
                              @ 195   java.util.ArrayList::get (15 bytes)   inline
                                @ 5   java.util.Objects::checkIndex (7 bytes)   force inline by annotation
                                  @ 3   jdk.internal.util.Preconditions::checkIndex (18 bytes)   intrinsic
                                @ 11   java.util.ArrayList::elementData (7 bytes)   inline
                              @ 17   java.lang.String::isLatin1 (19 bytes)   inline (hot)
                              @ 27   java.lang.StringLatin1::hashCode (9 bytes)   inline (hot)
                                @ 5   jdk.internal.util.ArraysSupport::hashCodeOfUnsigned (55 bytes)   inline (hot)
                                  @ 39   java.lang.Byte::toUnsignedInt (6 bytes)   inline (hot)
                                  @ 51   jdk.internal.util.ArraysSupport::vectorizedHashCode (158 bytes)   (intrinsic)
               !m             @ 16   java.util.jar.JarFile::checkForSpecialAttributes (163 bytes)   failed to inline: callee is too large
                              @ 1   jdk.internal.loader.URLClassPath$JarLoader::ensureOpen (57 bytes)   failed to inline: callee is too large
                              @ 13   java.lang.InternalError::<init> (6 bytes)   failed to inline: don't inline Throwable constructors
                              @ 22   java.util.jar.JarFile::getJarEntry (9 bytes)   inline
                                @ 2   java.util.jar.JarFile::getEntry (35 bytes)   failed to inline: callee is too large
               !              @ 33   jdk.internal.loader.URLClassPath$JarLoader::createResource (62 bytes)   failed to inline: callee is too large
                              @ 2   java.util.jar.JarFile::getEntry (35 bytes)   inline
               !                @ 1   java.util.jar.JarFile::isMultiRelease (33 bytes)   failed to inline: callee is too large
                                @ 10   java.util.jar.JarFile::getVersionedEntry (114 bytes)   failed to inline: callee is too large
               !m               @ 20   java.util.zip.ZipFile::getEntry (69 bytes)   failed to inline: callee is too large
               !m               @ 31   java.util.zip.ZipFile::getEntry (69 bytes)   failed to inline: callee is too large
               !              @ 1   java.util.jar.JarFile::isMultiRelease (33 bytes)   inline
               !m               @ 16   java.util.jar.JarFile::checkForSpecialAttributes (163 bytes)   failed to inline: callee is too large
                              @ 10   java.util.jar.JarFile::getVersionedEntry (114 bytes)   failed to inline: callee is too large
               !m             @ 20   java.util.zip.ZipFile::getEntry (69 bytes)   failed to inline: callee is too large
               !m             @ 31   java.util.zip.ZipFile::getEntry (69 bytes)   failed to inline: callee is too large
                              @ 23   java.util.jar.JarFile::getManEntry (39 bytes)   failed to inline: callee is too large
               !              @ 33   java.util.jar.JarFile::getBytes (218 bytes)   failed to inline: callee is too large
                              @ 49   java.util.jar.JarFile::match (132 bytes)   failed to inline: callee is too large
                              @ 81   java.util.jar.JarFile::match (132 bytes)   failed to inline: callee is too large
                              @ 103   java.util.jar.Attributes::<init> (7 bytes)   inline
                                @ 3   java.util.jar.Attributes::<init> (13 bytes)   inline
                                  @ 1   java.lang.Object::<init> (1 bytes)   inline
                                  @ 6   java.util.LinkedHashMap::newLinkedHashMap (43 bytes)   failed to inline: callee is too large
                              @ 119   java.io.ByteArrayInputStream::<init> (26 bytes)   inline
                                @ 1   java.io.InputStream::<init> (5 bytes)   inline
                                  @ 1   java.lang.Object::<init> (1 bytes)   inline
                              @ 122   java.util.jar.Manifest$FastInputStream::<init> (9 bytes)   inline
                                @ 5   java.util.jar.Manifest$FastInputStream::<init> (23 bytes)   inline
                                  @ 2   java.io.FilterInputStream::<init> (10 bytes)   inline
                                    @ 1   java.io.InputStream::<init> (5 bytes)   inline
                                      @ 1   java.lang.Object::<init> (1 bytes)   inline
                              @ 127   java.util.jar.Attributes::read (10 bytes)   failed to inline: callee uses too much stack
                              @ 136   java.util.jar.Attributes::getValue (9 bytes)   inline
                                @ 2   java.util.jar.Attributes::get (11 bytes)   inline
                                  @ 5   java.util.Map::get (0 bytes)   failed to inline: no static binding
                              @ 139   java.lang.Boolean::parseBoolean (7 bytes)   inline
                                @ 3   java.lang.String::equalsIgnoreCase (45 bytes)   failed to inline: callee is too large
                              @ 6   sun.net.util.IPAddressUtil::earlyURLParsing (12 bytes)   inline
                              @ 13   sun.net.util.IPAddressUtil::checkHost (159 bytes)   failed to inline: callee is too large
                              @ 1   java.lang.StringLatin1::canEncode (17 bytes)   inline
                              @ 13   java.lang.StringLatin1::indexOfChar (33 bytes)   failed to inline: inlining prohibited by policy
                              @ 8   java.lang.String::length (11 bytes)   inline
                                @ 6   java.lang.String::coder (15 bytes)   inline
                              @ 35   java.lang.String::charAt (25 bytes)   inline
                                @ 1   java.lang.String::isLatin1 (19 bytes)   inline
                                @ 12   java.lang.StringLatin1::charAt (15 bytes)   inline
                                  @ 3   java.lang.String::checkIndex (10 bytes)   inline
                                    @ 5   jdk.internal.util.Preconditions::checkIndex (18 bytes)   intrinsic
                                @ 21   java.lang.StringUTF16::charAt (11 bytes)   inline
                                  @ 2   java.lang.StringUTF16::checkIndex (9 bytes)   inline
                                    @ 2   java.lang.StringUTF16::length (5 bytes)   inline
                                    @ 5   java.lang.String::checkIndex (10 bytes)   inline
                                      @ 5   jdk.internal.util.Preconditions::checkIndex (18 bytes)   intrinsic
                                  @ 7   java.lang.StringUTF16::getChar (60 bytes)   intrinsic
                              @ 40   sun.net.util.IPAddressUtil::match (50 bytes)   failed to inline: callee is too large
                              @ 5   java.lang.String::coder (15 bytes)   inline
                              @ 9   java.lang.String::length (11 bytes)   inline
                                @ 6   java.lang.String::coder (15 bytes)   inline
                              @ 14   java.lang.String::indexOf (101 bytes)   failed to inline: callee is too large
                              @ 5   java.lang.Math::clamp (49 bytes)   failed to inline: callee is too large
                              @ 11   java.lang.String::length (11 bytes)   inline
                                @ 6   java.lang.String::coder (15 bytes)   inline
                              @ 42   java.lang.String::coder (15 bytes)   inline
                              @ 65   java.lang.StringLatin1::indexOf (121 bytes)   failed to inline: inlining prohibited by policy
                              @ 79   java.lang.StringUTF16::indexOf (23 bytes)   failed to inline: callee uses too much stack
                              @ 97   java.lang.StringUTF16::indexOfLatin1 (24 bytes)   failed to inline: callee uses too much stack
                              @ 22   sun.net.www.ParseUtil::firstEncodeIndex (86 bytes)   failed to inline: callee is too large
                              @ 35   sun.net.www.ParseUtil::encodePath (361 bytes)   failed to inline: callee is too large
                              @ 3   java.io.UnixFileSystem::getFileForSysCalls (18 bytes)   inline
                                @ 1   java.io.File::getPath (5 bytes)   inline
                                @ 4   java.lang.String::isEmpty (14 bytes)   inline
                                @ 10   java.io.FileSystem::getCWD (4 bytes)   inline
                              @ 6   java.io.UnixFileSystem::getBooleanAttributes0 (0 bytes)   failed to inline: native method
                              @ 19   java.io.UnixFileSystem::isHidden (19 bytes)   inline
                                @ 1   java.io.File::getName (42 bytes)   failed to inline: callee is too large
                                @ 6   java.lang.String::startsWith (7 bytes)   inline
                                  @ 3   java.lang.String::startsWith (123 bytes)   failed to inline: callee is too large
                              @ 2   java.lang.AbstractStringBuilder::append (102 bytes)   failed to inline: callee is too large
                              @ 18   java.lang.StringLatin1::coderFromChar (10 bytes)   inline
                              @ 33   java.lang.AbstractStringBuilder::needsNewBuffer (33 bytes)   failed to inline: callee uses too much stack
                              @ 49   java.lang.AbstractStringBuilder::ensureCapacityNewCoder (125 bytes)   failed to inline: callee is too large
                              @ 67   java.lang.AbstractStringBuilder::isLatin1 (16 bytes)   inline
                              @ 92   java.lang.StringUTF16::putChar (54 bytes)   intrinsic
                              @ 18   jdk.internal.classfile.impl.BufWriterImpl::grow (33 bytes)   inline
                                @ 26   java.util.Arrays::copyOf (33 bytes)   failed to inline: callee is too large
                              @ 26   java.lang.Math::max (11 bytes)   inline
                              @ 31   jdk.internal.classfile.impl.EntryMap::<init> (86 bytes)   failed to inline: callee is too large
                              @ 76   java.lang.Object::hashCode (0 bytes)   failed to inline: no static binding
                              @ 83   java.lang.classfile.constantpool.PoolEntry::index (0 bytes)   failed to inline: no static binding
                              @ 88   jdk.internal.classfile.impl.EntryMap::put (186 bytes)   failed to inline: callee is too large
                              @ 94   java.lang.classfile.constantpool.PoolEntry::width (0 bytes)   failed to inline: no static binding
                              @ 106   java.lang.Math::max (11 bytes)   inline
                              @ 131   java.lang.Object::hashCode (0 bytes)   failed to inline: no static binding
                              @ 138   java.lang.classfile.constantpool.PoolEntry::index (0 bytes)   failed to inline: no static binding
                              @ 143   jdk.internal.classfile.impl.EntryMap::put (186 bytes)   failed to inline: callee is too large
                              @ 149   java.lang.classfile.constantpool.PoolEntry::width (0 bytes)   failed to inline: no static binding
                              @ 10   java.lang.IllegalArgumentException::<init> (6 bytes)   failed to inline: don't inline Throwable constructors
                              @ 46   jdk.internal.classfile.impl.EntryMap::nextToken (37 bytes)   failed to inline: callee is too large
                              @ 1   java.lang.Object::<init> (1 bytes)   inline
                              @ 5   jdk.internal.util.StrongReferenceKey::<init> (10 bytes)   inline
                                @ 1   java.lang.Object::<init> (1 bytes)   inline
                              @ 1   java.lang.Object::<init> (1 bytes)   inline
                              @ 1   jdk.internal.util.StrongReferenceKey::get (5 bytes)   inline
                              @ 4   java.lang.Object::hashCode (0 bytes)   failed to inline: no static binding
                              @ 2   java.lang.classfile.constantpool.PoolEntry::constantPool (0 bytes)   failed to inline: no static binding
                              @ 7   java.lang.classfile.constantpool.ConstantPoolBuilder::canWriteDirect (0 bytes)   failed to inline: no static binding
                              @ 22   jdk.internal.classfile.impl.AbstractPoolEntry::clone (0 bytes)   failed to inline: no static binding
                              @ 1   java.util.Objects::requireNonNull (14 bytes)   force inline by annotation
                                @ 8   java.lang.NullPointerException::<init> (5 bytes)   failed to inline: don't inline Throwable constructors
                              @ 10   java.lang.IllegalArgumentException::<init> (6 bytes)   failed to inline: don't inline Throwable constructors
                              @ 69   jdk.internal.classfile.impl.EntryMap::rehash (92 bytes)   failed to inline: callee is too large
                              @ 152   jdk.internal.classfile.impl.EntryMap::rehash (92 bytes)   failed to inline: callee is too large
                              @ 6   jdk.internal.classfile.impl.SplitConstantPool::size (5 bytes)   inline
                              @ 30   jdk.internal.classfile.impl.ClassReaderImpl::entryByIndex (8 bytes)   inline
                                @ 4   jdk.internal.classfile.impl.ClassReaderImpl::entryByIndex (809 bytes)   failed to inline: callee is too large
                              @ 53   jdk.internal.classfile.impl.SplitConstantPool::unusableCP (27 bytes)   inline
                                @ 8   java.lang.StringBuilder::<init> (7 bytes)   inline
                                  @ 3   java.lang.AbstractStringBuilder::<init> (39 bytes)   failed to inline: callee is too large
                                @ 13   java.lang.StringBuilder::append (8 bytes)   inline
                                  @ 2   java.lang.AbstractStringBuilder::append (100 bytes)   failed to inline: callee is too large
                                @ 17   java.lang.StringBuilder::append (8 bytes)   inline
                                  @ 2   java.lang.AbstractStringBuilder::append (72 bytes)   failed to inline: callee is too large
                                @ 20   java.lang.StringBuilder::toString (20 bytes)   inline
                                  @ 1   java.lang.StringBuilder::length (5 bytes)   inline
                                    @ 1   java.lang.AbstractStringBuilder::length (5 bytes)   inline
                                  @ 16   java.lang.String::<init> (98 bytes)   failed to inline: callee is too large
                                @ 23  java/lang/classfile/constantpool/ConstantPoolException::<init> (not loaded)   failed to inline: not inlineable
                              @ 13   jdk.internal.classfile.impl.SplitConstantPool::badCP (27 bytes)   inline
                                @ 8   java.lang.StringBuilder::<init> (7 bytes)   inline
                                  @ 3   java.lang.AbstractStringBuilder::<init> (39 bytes)   failed to inline: callee is too large
                                @ 13   java.lang.StringBuilder::append (8 bytes)   inline
                                  @ 2   java.lang.AbstractStringBuilder::append (100 bytes)   failed to inline: callee is too large
                                @ 17   java.lang.StringBuilder::append (8 bytes)   inline
                                  @ 2   java.lang.AbstractStringBuilder::append (72 bytes)   failed to inline: callee is too large
                                @ 20   java.lang.StringBuilder::toString (20 bytes)   inline
                                  @ 1   java.lang.StringBuilder::length (5 bytes)   inline
                                    @ 1   java.lang.AbstractStringBuilder::length (5 bytes)   inline
                                  @ 16   java.lang.String::<init> (98 bytes)   failed to inline: callee is too large
                                @ 23  java/lang/classfile/constantpool/ConstantPoolException::<init> (not loaded)   failed to inline: not inlineable
                              @ 6   java.lang.Object::hashCode (0 bytes)   failed to inline: native method
                              @ 40   java.lang.Object::hashCode (0 bytes)   failed to inline: native method
                              @ 6   jdk.internal.classfile.impl.RawBytecodeHelper::endBci (8 bytes)   inline
                              @ 19   jdk.internal.classfile.impl.RawBytecodeHelper::getU1Unchecked (13 bytes)   inline
                                @ 9   java.lang.Byte::toUnsignedInt (6 bytes)   inline
                              @ 53   jdk.internal.classfile.impl.RawBytecodeHelper::checkSpecialInstruction (242 bytes)   failed to inline: callee is too large
                              @ 1   java.lang.Object::<init> (1 bytes)   inline
                              @ 3   java.lang.Object::hashCode (0 bytes)   failed to inline: no static binding
                              @ 8   jdk.internal.classfile.impl.SplitConstantPool::internalAdd (78 bytes)   failed to inline: callee is too large
                              @ 31   java.util.Arrays::copyOf (40 bytes)   failed to inline: callee is too large
                              @ 53   java.lang.classfile.constantpool.PoolEntry::width (0 bytes)   failed to inline: no static binding
                              @ 63   jdk.internal.classfile.impl.SplitConstantPool::map (161 bytes)   failed to inline: callee is too large
                              @ 68   java.lang.classfile.constantpool.PoolEntry::index (0 bytes)   failed to inline: no static binding
                              @ 73   jdk.internal.classfile.impl.EntryMap::put (186 bytes)   failed to inline: callee is too large
                              @ 13   jdk.internal.classfile.impl.BufWriterImpl::writeU1U2 (50 bytes)   failed to inline: callee is too large
                              @ 29   jdk.internal.classfile.impl.BufWriterImpl::writeBytes (30 bytes)   failed to inline: callee uses too much stack
                              @ 40   jdk.internal.classfile.impl.BufWriterImpl::writeUtfEntry (144 bytes)   failed to inline: callee is too large
                              @ 1   java.lang.String::length (11 bytes)   inline
                                @ 6   java.lang.String::coder (15 bytes)   inline
                              @ 9   java.lang.System$1::countNonZeroAscii (5 bytes)   inline
                                @ 1   java.lang.StringCoding::countNonZeroAscii (30 bytes)   inline
                                  @ 1   java.lang.String::value (5 bytes)   inline
                                  @ 6   java.lang.String::isLatin1 (19 bytes)   inline
                                  @ 16   java.lang.StringCoding::countNonZeroAsciiLatin1 (33 bytes)   failed to inline: callee is too large
                                  @ 23   java.lang.String::length (11 bytes)   inline
                                    @ 6   java.lang.String::coder (15 bytes)   inline
                                  @ 26   java.lang.StringCoding::countNonZeroAsciiUTF16 (46 bytes)   failed to inline: callee is too large
                              @ 17   jdk.internal.util.ModifiedUtf::utfLen (58 bytes)   force inline by annotation
                                @ 1   java.lang.String::length (11 bytes)   inline
                                  @ 6   java.lang.String::coder (15 bytes)   inline
                                @ 16   java.lang.String::charAt (25 bytes)   inline
                                  @ 1   java.lang.String::isLatin1 (19 bytes)   inline
                                  @ 12   java.lang.StringLatin1::charAt (15 bytes)   inline
                                    @ 3   java.lang.String::checkIndex (10 bytes)   inline
                                      @ 5   jdk.internal.util.Preconditions::checkIndex (18 bytes)   intrinsic
                                  @ 21   java.lang.StringUTF16::charAt (11 bytes)   inline
                                    @ 2   java.lang.StringUTF16::checkIndex (9 bytes)   inline
                                      @ 2   java.lang.StringUTF16::length (5 bytes)   inline
                                      @ 5   java.lang.String::checkIndex (10 bytes)   inline
                                        @ 5   jdk.internal.util.Preconditions::checkIndex (18 bytes)   intrinsic
                                    @ 7   java.lang.StringUTF16::getChar (60 bytes)   intrinsic
                              @ 35   java.lang.IllegalArgumentException::<init> (6 bytes)   failed to inline: don't inline Throwable constructors
                              @ 44   jdk.internal.classfile.impl.BufWriterImpl::reserveSpace (22 bytes)   inline
                                @ 18   jdk.internal.classfile.impl.BufWriterImpl::grow (33 bytes)   failed to inline: callee is too large
                              @ 98   java.lang.String::getBytes (60 bytes)   failed to inline: callee is too large
                              @ 123   java.lang.String::charAt (25 bytes)   inline
                                @ 1   java.lang.String::isLatin1 (19 bytes)   inline
                                @ 12   java.lang.StringLatin1::charAt (15 bytes)   inline
                                  @ 3   java.lang.String::checkIndex (10 bytes)   inline
                                    @ 5   jdk.internal.util.Preconditions::checkIndex (18 bytes)   intrinsic
                                @ 21   java.lang.StringUTF16::charAt (11 bytes)   inline
                                  @ 2   java.lang.StringUTF16::checkIndex (9 bytes)   inline
                                    @ 2   java.lang.StringUTF16::length (5 bytes)   inline
                                    @ 5   java.lang.String::checkIndex (10 bytes)   inline
                                      @ 5   jdk.internal.util.Preconditions::checkIndex (18 bytes)   intrinsic
                                  @ 7   java.lang.StringUTF16::getChar (60 bytes)   intrinsic
                              @ 126   jdk.internal.util.ModifiedUtf::putChar (115 bytes)   force inline by annotation
                              @ 5   jdk.internal.classfile.impl.AbstractPoolEntry::maybeClone (26 bytes)   inline
                                @ 2   java.lang.classfile.constantpool.PoolEntry::constantPool (0 bytes)   failed to inline: no static binding
                                @ 7   java.lang.classfile.constantpool.ConstantPoolBuilder::canWriteDirect (0 bytes)   failed to inline: no static binding
                                @ 22   jdk.internal.classfile.impl.AbstractPoolEntry::clone (0 bytes)   failed to inline: no static binding
                              @ 8   java.lang.classfile.constantpool.PoolEntry::index (0 bytes)   failed to inline: no static binding
                              @ 27   jdk.internal.classfile.impl.BufWriterImpl::invalidIndex (31 bytes)   inline
                                @ 8   java.lang.StringBuilder::<init> (7 bytes)   inline
                                  @ 3   java.lang.AbstractStringBuilder::<init> (39 bytes)   failed to inline: callee is too large
                                @ 12   java.lang.StringBuilder::append (8 bytes)   inline
                                  @ 2   java.lang.AbstractStringBuilder::append (72 bytes)   failed to inline: callee is too large
                                @ 17   java.lang.StringBuilder::append (8 bytes)   inline
                                  @ 2   java.lang.AbstractStringBuilder::append (100 bytes)   failed to inline: callee is too large
                                @ 21   java.lang.StringBuilder::append (9 bytes)   inline
                                  @ 2   java.lang.String::valueOf (15 bytes)   inline
                                    @ 11   java.lang.Object::toString (36 bytes)   failed to inline: no static binding
                                  @ 5   java.lang.StringBuilder::append (8 bytes)   inline
                                    @ 2   java.lang.AbstractStringBuilder::append (100 bytes)   failed to inline: callee is too large
                                @ 24   java.lang.StringBuilder::toString (20 bytes)   inline
                                  @ 1   java.lang.StringBuilder::length (5 bytes)   inline
                                    @ 1   java.lang.AbstractStringBuilder::length (5 bytes)   inline
                                  @ 16   java.lang.String::<init> (98 bytes)   failed to inline: callee is too large
                                @ 27   java.lang.IllegalArgumentException::<init> (6 bytes)   failed to inline: don't inline Throwable constructors
                              @ 10   java.lang.Class::isPrimitive (5 bytes)   inline
                              @ 45   sun.invoke.util.Wrapper::asPrimitiveType (20 bytes)   inline
                                @ 1   sun.invoke.util.Wrapper::findWrapperType (102 bytes)   failed to inline: callee is too large
                                @ 10   sun.invoke.util.Wrapper::primitiveType (5 bytes)   inline
                                @ 14   sun.invoke.util.Wrapper::forceType (72 bytes)   failed to inline: callee is too large
                              @ 68   sun.invoke.util.Wrapper::asWrapperType (18 bytes)   inline
                                @ 1   java.lang.Class::isPrimitive (5 bytes)   inline
                                @ 8   sun.invoke.util.Wrapper::forPrimitiveType (122 bytes)   failed to inline: callee is too large
                                @ 12   sun.invoke.util.Wrapper::wrapperType (52 bytes)   failed to inline: callee is too large
                              @ 1   jdk.internal.classfile.impl.SplitConstantPool::map (161 bytes)   failed to inline: callee is too large
                              @ 7   jdk.internal.classfile.impl.EntryMap::firstToken (50 bytes)   failed to inline: callee is too large
                              @ 22   jdk.internal.classfile.impl.EntryMap::getIndexByToken (9 bytes)   inline
                              @ 25   jdk.internal.classfile.impl.SplitConstantPool::entryByIndex (59 bytes)   failed to inline: callee is too large
                              @ 32   java.lang.classfile.constantpool.PoolEntry::tag (0 bytes)   failed to inline: no static binding
                              @ 59   jdk.internal.classfile.impl.AbstractPoolEntry$Utf8EntryImpl::stringValue (5 bytes)   inline
                                @ 1   jdk.internal.classfile.impl.AbstractPoolEntry$Utf8EntryImpl::toString (88 bytes)   failed to inline: callee is too large
                              @ 62   java.lang.String::equals (56 bytes)   failed to inline: callee is too large
                              @ 75   jdk.internal.classfile.impl.EntryMap::nextToken (37 bytes)   failed to inline: callee is too large
                              @ 91   jdk.internal.classfile.impl.SplitConstantPool::fullScan (56 bytes)   failed to inline: callee is too large
                              @ 97   jdk.internal.classfile.impl.SplitConstantPool::tryFindUtf8 (103 bytes)   failed to inline: callee is too large
                              @ 4   jdk.internal.classfile.impl.AbstractPoolEntry::<init> (20 bytes)   inline
                                @ 1   java.lang.Object::<init> (1 bytes)   inline
                              @ 36   java.lang.String::length (11 bytes)   inline
                                @ 6   java.lang.String::coder (15 bytes)   inline
                              @ 11   jdk.internal.classfile.impl.AbstractPoolEntry$Utf8EntryImpl::inflate (73 bytes)   failed to inline: callee is too large
                              @ 1   jdk.internal.util.ReferencedKeyMap::removeStaleReferences (30 bytes)   inline
               !m               @ 4   java.lang.ref.ReferenceQueue::poll (44 bytes)   failed to inline: callee is too large
                                @ 20   java.util.Map::remove (0 bytes)   failed to inline: no static binding
                              @ 6   jdk.internal.util.ReferencedKeyMap::getNoCheckStale (22 bytes)   inline
                                @ 3   java.util.Objects::requireNonNull (15 bytes)   force inline by annotation
                                  @ 9   java.lang.NullPointerException::<init> (6 bytes)   failed to inline: don't inline Throwable constructors
                                @ 13   jdk.internal.util.ReferencedKeyMap::lookupKey (9 bytes)   inline
                                  @ 5   jdk.internal.util.StrongReferenceKey::<init> (10 bytes)   inline
                                    @ 1   java.lang.Object::<init> (1 bytes)   inline
                                @ 16   java.util.Map::get (0 bytes)   failed to inline: no static binding
                              @ 9   java.lang.Byte::toUnsignedInt (6 bytes)   inline
                              @ 3   java.lang.String::length (11 bytes)   inline
                                @ 6   java.lang.String::coder (15 bytes)   inline
                              @ 6   java.lang.String::checkBoundsBeginEnd (11 bytes)   inline
                                @ 6   jdk.internal.util.Preconditions::checkFromToIndex (24 bytes)   inline
                                  @ 18   jdk.internal.util.Preconditions::outOfBoundsCheckFromToIndex (32 bytes)   failed to inline: callee is too large
                              @ 10   java.util.Objects::requireNonNull (14 bytes)   force inline by annotation
                                @ 8   java.lang.NullPointerException::<init> (5 bytes)   failed to inline: don't inline Throwable constructors
                              @ 21   java.lang.String::checkBoundsOffCount (10 bytes)   inline
                                @ 6   jdk.internal.util.Preconditions::checkFromIndexSize (25 bytes)   inline
                                  @ 19   jdk.internal.util.Preconditions::outOfBoundsCheckFromIndexSize (32 bytes)   failed to inline: callee is too large
                              @ 26   java.lang.String::isLatin1 (19 bytes)   inline
                              @ 41   java.lang.StringLatin1::getBytes (12 bytes)   failed to inline: callee uses too much stack
                              @ 56   java.lang.StringUTF16::getBytes (41 bytes)   failed to inline: callee is too large
                              @ 1   java.lang.String::hashCode (60 bytes)   failed to inline: callee is too large
                              @ 7   jdk.internal.classfile.impl.AbstractPoolEntry::hashString (5 bytes)   inline
                              @ 11   jdk.internal.classfile.impl.SplitConstantPool::tryFindUtf8 (103 bytes)   failed to inline: callee is too large
                              @ 31   jdk.internal.classfile.impl.AbstractPoolEntry$Utf8EntryImpl::<init> (49 bytes)   failed to inline: callee is too large
                              @ 34   jdk.internal.classfile.impl.SplitConstantPool::internalAdd (12 bytes)   inline
                                @ 3   jdk.internal.classfile.impl.AbstractPoolEntry$Utf8EntryImpl::hashCode (8 bytes)   inline
                                  @ 1   jdk.internal.classfile.impl.AbstractPoolEntry$Utf8EntryImpl::contentHash (19 bytes)   inline
                                    @ 11   jdk.internal.classfile.impl.AbstractPoolEntry$Utf8EntryImpl::inflate (73 bytes)   failed to inline: callee is too large
                                  @ 4   jdk.internal.classfile.impl.AbstractPoolEntry::hashString (5 bytes)   inline
                                @ 8   jdk.internal.classfile.impl.SplitConstantPool::internalAdd (78 bytes)   failed to inline: callee is too large
                              @ 1   java.lang.Object::<init> (1 bytes)   inline
                              @ 13   java.lang.StringBuilder::<init> (7 bytes)   inline
                                @ 3   java.lang.AbstractStringBuilder::<init> (39 bytes)   failed to inline: callee is too large
                              @ 18   java.lang.StringBuilder::append (8 bytes)   inline
                                @ 2   java.lang.AbstractStringBuilder::append (100 bytes)   failed to inline: callee is too large
                              @ 22   java.lang.StringBuilder::append (8 bytes)   inline
                                @ 2   java.lang.AbstractStringBuilder::append (72 bytes)   failed to inline: callee is too large
                              @ 25   java.lang.StringBuilder::toString (20 bytes)   inline
                                @ 1   java.lang.StringBuilder::length (5 bytes)   inline
                                  @ 1   java.lang.AbstractStringBuilder::length (5 bytes)   inline
                                @ 16   java.lang.String::<init> (98 bytes)   failed to inline: callee is too large
                              @ 28   java.lang.invoke.MethodHandleStatics::newIllegalArgumentException (9 bytes)   inline
                                @ 5   java.lang.IllegalArgumentException::<init> (6 bytes)   failed to inline: don't inline Throwable constructors
                              @ 15   jdk.internal.misc.Unsafe::putLong (0 bytes)   intrinsic
                              @ 45   jdk.internal.misc.Unsafe::putLongParts (33 bytes)   failed to inline: callee uses too much stack
                              @ 89   jdk.internal.misc.Unsafe::putLongParts (67 bytes)   failed to inline: callee is too large
                              @ 153   jdk.internal.misc.Unsafe::putLongParts (133 bytes)   failed to inline: callee is too large
                              @ 15   jdk.internal.misc.Unsafe::putLong (0 bytes)   (intrinsic)
                              @ 19   jdk.internal.misc.Unsafe::putLongUnaligned (157 bytes)   intrinsic
                              @ 19   jdk.internal.misc.Unsafe::putLongUnaligned (157 bytes)   intrinsic
                              @ 19   jdk.internal.misc.Unsafe::putLongUnaligned (157 bytes)   (intrinsic)
                              @ 12   java.lang.invoke.VarHandle::accessModeType (41 bytes)   force inline by annotation
                                @ 33   java.lang.invoke.VarHandle::accessModeTypeUncached (10 bytes)   inline
                                  @ 1   java.lang.invoke.VarHandle$AccessType::values (10 bytes)   inline
                                    @ 3   java.lang.Object::clone (0 bytes)   failed to inline: native method
                                  @ 6   java.lang.invoke.VarHandle::accessModeTypeUncached (0 bytes)   failed to inline: no static binding
                              @ 24   java.lang.invoke.VarHandle::throwWrongMethodTypeException (46 bytes)   failed to inline: don't inline by annotation
                              @ 13   java.lang.invoke.VarForm::resolveMemberName (91 bytes)   failed to inline: don't inline by annotation
                              @ 26   java.lang.invoke.VarHandle$AccessMode::valueFromOrdinal (6 bytes)   inline
                              @ 29   java.lang.invoke.VarHandle$AccessMode::methodName (5 bytes)   inline
                              @ 32   java.lang.UnsupportedOperationException::<init> (6 bytes)   failed to inline: callee's klass not linked yet
                              @ 27   java.lang.foreign.ValueLayout::byteAlignment (10 bytes)   failed to inline: no static binding
                              @ 33   java.lang.foreign.ValueLayout::byteSize (10 bytes)   failed to inline: no static binding
                              @ 13   jdk.internal.foreign.layout.AbstractLayout::varHandleInternal (23 bytes)   inline
                                @ 4   jdk.internal.foreign.LayoutPath::rootPath (20 bytes)   failed to inline: callee uses too much stack
                                @ 7   java.lang.invoke.Invokers$Holder::linkToTargetMethod (8 bytes)   force inline by annotation
                                  @ 4   java.lang.invoke.LambdaForm$Holder::constant_L (8 bytes)   force inline by annotation
                                @ 12   java.util.Set::of (4 bytes)   inline
                                @ 16   jdk.internal.foreign.layout.AbstractLayout::computePathOp (113 bytes)   failed to inline: callee is too large
               !m             @ 5   java.io.PrintStream::println (44 bytes)   failed to inline: callee is too large
               !m             @ 13   java.io.PrintStream::println (44 bytes)   failed to inline: callee is too large
               !m             @ 21   java.io.PrintStream::println (44 bytes)   failed to inline: callee is too large
                              @ 37   java.lang.Integer::valueOf (32 bytes)   inline
                                @ 28   java.lang.Integer::<init> (10 bytes)   inline
                                  @ 1   java.lang.Number::<init> (5 bytes)   inline
                                    @ 1   java.lang.Object::<init> (1 bytes)   inline
                              @ 41   java.io.PrintStream::printf (7 bytes)   inline
               !m               @ 3   java.io.PrintStream::format (92 bytes)   failed to inline: callee is too large
                              @ 57   java.lang.Integer::valueOf (32 bytes)   inline
                              @ 61   java.io.PrintStream::printf (7 bytes)   inline
               !m               @ 3   java.io.PrintStream::format (92 bytes)   failed to inline: callee is too large
                              @ 77   java.util.Random::<init> (53 bytes)   failed to inline: callee is too large
                              @ 92   java.util.Random::nextDouble (24 bytes)   inline
                                @ 3   java.util.Random::next (47 bytes)   failed to inline: callee is too large
                                @ 13   java.util.Random::next (47 bytes)   failed to inline: callee is too large
                              @ 109   com.cohort.array.DoubleArray::<init> (58 bytes)   failed to inline: callee is too large
                              @ 130   com.cohort.array.DoubleArray::set (43 bytes)   failed to inline: callee is too large
                              @ 163   java.util.Random::nextInt (74 bytes)   failed to inline: callee is too large
               !m             @ 178   java.io.PrintStream::println (44 bytes)   failed to inline: callee is too large
                              @ 183   com.cohort.array.PanamaArrayBenchmark::runSequentialRead (11 bytes)   inline
                                @ 1   com.cohort.array.PanamaArrayBenchmark::runSequentialReadStandard (24 bytes)   failed to inline: callee uses too much stack
                                @ 6   com.cohort.array.PanamaArrayBenchmark::runSequentialReadPanama (33 bytes)   failed to inline: callee is too large
                              @ 190   com.cohort.array.PanamaArrayBenchmark::runStrideAccess (13 bytes)   inline
                                @ 2   com.cohort.array.PanamaArrayBenchmark::runStrideAccessStandard (42 bytes)   failed to inline: callee is too large
                                @ 8   com.cohort.array.PanamaArrayBenchmark::runStrideAccessPanama (44 bytes)   failed to inline: callee is too large
                              @ 195   com.cohort.array.PanamaArrayBenchmark::runSlicing (11 bytes)   inline
                                @ 1   com.cohort.array.PanamaArrayBenchmark::runSlicingStandard (46 bytes)   failed to inline: callee is too large
                                @ 6   com.cohort.array.PanamaArrayBenchmark::runSlicingPanama (64 bytes)   failed to inline: callee is too large
               !m             @ 203   java.io.PrintStream::println (44 bytes)   failed to inline: callee is too large
                              @ 246   java.lang.Integer::valueOf (32 bytes)   inline
                                @ 28   java.lang.Integer::<init> (10 bytes)   inline
                                  @ 1   java.lang.Number::<init> (5 bytes)   inline
                                    @ 1   java.lang.Object::<init> (1 bytes)   inline
                              @ 250   java.io.PrintStream::printf (7 bytes)   inline
               !m               @ 3   java.io.PrintStream::format (92 bytes)   failed to inline: callee is too large
                              @ 254   java.lang.System::nanoTime (0 bytes)   intrinsic
                              @ 260   com.cohort.array.PanamaArrayBenchmark::runSequentialReadStandard (24 bytes)   failed to inline: callee uses too much stack
                              @ 265   java.lang.System::nanoTime (0 bytes)   intrinsic
                              @ 289   java.lang.System::nanoTime (0 bytes)   intrinsic
                              @ 295   com.cohort.array.PanamaArrayBenchmark::runSequentialReadPanama (33 bytes)   failed to inline: callee uses too much stack
                              @ 300   java.lang.System::nanoTime (0 bytes)   intrinsic
                              @ 337   java.lang.Double::valueOf (9 bytes)   inline
                                @ 5   java.lang.Double::<init> (10 bytes)   inline
                                  @ 1   java.lang.Number::<init> (5 bytes)   inline
                                    @ 1   java.lang.Object::<init> (1 bytes)   inline
                              @ 345   java.lang.Double::valueOf (9 bytes)   inline
                                @ 5   java.lang.Double::<init> (10 bytes)   inline
                                  @ 1   java.lang.Number::<init> (5 bytes)   inline
                                    @ 1   java.lang.Object::<init> (1 bytes)   inline
                              @ 353   java.lang.Double::valueOf (9 bytes)   inline
                                @ 5   java.lang.Double::<init> (10 bytes)   inline
                                  @ 1   java.lang.Number::<init> (5 bytes)   inline
                                    @ 1   java.lang.Object::<init> (1 bytes)   inline
                              @ 361   java.lang.Double::valueOf (9 bytes)   inline
                                @ 5   java.lang.Double::<init> (10 bytes)   inline
                                  @ 1   java.lang.Number::<init> (5 bytes)   inline
                                    @ 1   java.lang.Object::<init> (1 bytes)   inline
                              @ 365   java.io.PrintStream::printf (7 bytes)   inline
               !m               @ 3   java.io.PrintStream::format (92 bytes)   failed to inline: callee is too large
                              @ 369   java.lang.System::nanoTime (0 bytes)   intrinsic
                              @ 377   com.cohort.array.PanamaArrayBenchmark::runStrideAccessStandard (42 bytes)   failed to inline: callee is too large
                              @ 382   java.lang.System::nanoTime (0 bytes)   intrinsic
                              @ 406   java.lang.System::nanoTime (0 bytes)   intrinsic
                              @ 414   com.cohort.array.PanamaArrayBenchmark::runStrideAccessPanama (44 bytes)   failed to inline: callee is too large
                              @ 419   java.lang.System::nanoTime (0 bytes)   intrinsic
                              @ 456   java.lang.Double::valueOf (9 bytes)   inline
                                @ 5   java.lang.Double::<init> (10 bytes)   inline
                                  @ 1   java.lang.Number::<init> (5 bytes)   inline
                                    @ 1   java.lang.Object::<init> (1 bytes)   inline
                              @ 464   java.lang.Double::valueOf (9 bytes)   inline
                                @ 5   java.lang.Double::<init> (10 bytes)   inline
                                  @ 1   java.lang.Number::<init> (5 bytes)   inline
                                    @ 1   java.lang.Object::<init> (1 bytes)   inline
                              @ 472   java.lang.Double::valueOf (9 bytes)   inline
                                @ 5   java.lang.Double::<init> (10 bytes)   inline
                                  @ 1   java.lang.Number::<init> (5 bytes)   inline
                                    @ 1   java.lang.Object::<init> (1 bytes)   inline
                              @ 480   java.lang.Double::valueOf (9 bytes)   inline
                                @ 5   java.lang.Double::<init> (10 bytes)   inline
                                  @ 1   java.lang.Number::<init> (5 bytes)   inline
                                    @ 1   java.lang.Object::<init> (1 bytes)   inline
                              @ 484   java.io.PrintStream::printf (7 bytes)   inline
               !m               @ 3   java.io.PrintStream::format (92 bytes)   failed to inline: callee is too large
                              @ 488   java.lang.System::nanoTime (0 bytes)   intrinsic
                              @ 494   com.cohort.array.PanamaArrayBenchmark::runSlicingStandard (46 bytes)   failed to inline: callee is too large
                              @ 499   java.lang.System::nanoTime (0 bytes)   intrinsic
                              @ 523   java.lang.System::nanoTime (0 bytes)   intrinsic
                              @ 529   com.cohort.array.PanamaArrayBenchmark::runSlicingPanama (64 bytes)   failed to inline: callee is too large
                              @ 534   java.lang.System::nanoTime (0 bytes)   intrinsic
                              @ 571   java.lang.Double::valueOf (9 bytes)   inline
                                @ 5   java.lang.Double::<init> (10 bytes)   inline
                                  @ 1   java.lang.Number::<init> (5 bytes)   inline
                                    @ 1   java.lang.Object::<init> (1 bytes)   inline
                              @ 579   java.lang.Double::valueOf (9 bytes)   inline
                                @ 5   java.lang.Double::<init> (10 bytes)   inline
                                  @ 1   java.lang.Number::<init> (5 bytes)   inline
                                    @ 1   java.lang.Object::<init> (1 bytes)   inline
                              @ 587   java.lang.Integer::valueOf (32 bytes)   inline
                                @ 28   java.lang.Integer::<init> (10 bytes)   inline
                                  @ 1   java.lang.Number::<init> (5 bytes)   inline
                                    @ 1   java.lang.Object::<init> (1 bytes)   inline
                              @ 591   java.io.PrintStream::printf (7 bytes)   inline
               !m               @ 3   java.io.PrintStream::format (92 bytes)   failed to inline: callee is too large
               !m             @ 606   java.io.PrintStream::println (44 bytes)   failed to inline: callee is too large
               !m             @ 614   java.io.PrintStream::println (44 bytes)   failed to inline: callee is too large
               !m             @ 622   java.io.PrintStream::println (44 bytes)   failed to inline: callee is too large
                              @ 634   java.io.PrintStream::printf (7 bytes)   inline
               !m               @ 3   java.io.PrintStream::format (92 bytes)   failed to inline: callee is too large
                              @ 655   java.lang.Double::valueOf (9 bytes)   inline
                                @ 5   java.lang.Double::<init> (10 bytes)   inline
                                  @ 1   java.lang.Number::<init> (5 bytes)   inline
                                    @ 1   java.lang.Object::<init> (1 bytes)   inline
                              @ 659   java.io.PrintStream::printf (7 bytes)   inline
               !m               @ 3   java.io.PrintStream::format (92 bytes)   failed to inline: callee is too large
                              @ 680   java.lang.Double::valueOf (9 bytes)   inline
                                @ 5   java.lang.Double::<init> (10 bytes)   inline
                                  @ 1   java.lang.Number::<init> (5 bytes)   inline
                                    @ 1   java.lang.Object::<init> (1 bytes)   inline
                              @ 684   java.io.PrintStream::printf (7 bytes)   inline
               !m               @ 3   java.io.PrintStream::format (92 bytes)   failed to inline: callee is too large
                              @ 697   java.io.PrintStream::printf (7 bytes)   inline
               !m               @ 3   java.io.PrintStream::format (92 bytes)   failed to inline: callee is too large
                              @ 718   java.lang.Double::valueOf (9 bytes)   inline
                                @ 5   java.lang.Double::<init> (10 bytes)   inline
                                  @ 1   java.lang.Number::<init> (5 bytes)   inline
                                    @ 1   java.lang.Object::<init> (1 bytes)   inline
                              @ 722   java.io.PrintStream::printf (7 bytes)   inline
               !m               @ 3   java.io.PrintStream::format (92 bytes)   failed to inline: callee is too large
                              @ 743   java.lang.Double::valueOf (9 bytes)   inline
                                @ 5   java.lang.Double::<init> (10 bytes)   inline
                                  @ 1   java.lang.Number::<init> (5 bytes)   inline
                                    @ 1   java.lang.Object::<init> (1 bytes)   inline
                              @ 747   java.io.PrintStream::printf (7 bytes)   inline
               !m               @ 3   java.io.PrintStream::format (92 bytes)   failed to inline: callee is too large
                              @ 760   java.io.PrintStream::printf (7 bytes)   inline
               !m               @ 3   java.io.PrintStream::format (92 bytes)   failed to inline: callee is too large
                              @ 781   java.lang.Double::valueOf (9 bytes)   inline
                                @ 5   java.lang.Double::<init> (10 bytes)   inline
                                  @ 1   java.lang.Number::<init> (5 bytes)   inline
                                    @ 1   java.lang.Object::<init> (1 bytes)   inline
                              @ 785   java.io.PrintStream::printf (7 bytes)   inline
               !m               @ 3   java.io.PrintStream::format (92 bytes)   failed to inline: callee is too large
                              @ 806   java.lang.Double::valueOf (9 bytes)   inline
                                @ 5   java.lang.Double::<init> (10 bytes)   inline
                                  @ 1   java.lang.Number::<init> (5 bytes)   inline
                                    @ 1   java.lang.Object::<init> (1 bytes)   inline
                              @ 810   java.io.PrintStream::printf (7 bytes)   inline
               !m               @ 3   java.io.PrintStream::format (92 bytes)   failed to inline: callee is too large
               !m             @ 819   java.io.PrintStream::println (44 bytes)   failed to inline: callee is too large
                              @ 27   jdk.internal.foreign.layout.AbstractLayout::byteAlignment (5 bytes)   accessor   callee changed to  jdk.internal.foreign.Utils::isElementAligned (48 bytes)    \-> TypeProfile (6196/6196 counts) = jdk/internal/foreign/layout/ValueLayouts$OfDoubleImpl
                              @ 33   jdk.internal.foreign.layout.AbstractLayout::byteSize (5 bytes)   accessor
                              @ 11   java.lang.Thread::currentThread (0 bytes)   intrinsic
                              @ 17  java/lang/invoke/MethodHandle::invokeBasic (not loaded)   failed to inline: not inlineable
                              @ 22   java.lang.IllegalArgumentException::<init> (6 bytes)   failed to inline: don't inline Throwable constructors
                              @ 37   jdk.internal.foreign.AbstractMemorySegmentImpl::setAtIndex (28 bytes)   force inline by annotation
                                @ 4   jdk.internal.foreign.Utils::checkElementAlignment (17 bytes)   force inline by annotation
                                  @ 1   jdk.internal.foreign.Utils::isElementAligned (48 bytes)   force inline by annotation
                                    @ 27   java.lang.foreign.ValueLayout::byteAlignment (10 bytes)   failed to inline: no static binding
                                    @ 33   java.lang.foreign.ValueLayout::byteSize (10 bytes)   failed to inline: no static binding
                                  @ 12   java.lang.IllegalArgumentException::<init> (6 bytes)   failed to inline: don't inline Throwable constructors
                                @ 8   jdk.internal.foreign.layout.ValueLayouts$AbstractValueLayout::varHandle (24 bytes)   force inline by annotation
                                  @ 13   jdk.internal.foreign.layout.AbstractLayout::varHandleInternal (23 bytes)   inline
                                    @ 4   jdk.internal.foreign.LayoutPath::rootPath (20 bytes)   failed to inline: callee uses too much stack
                                    @ 7   java.lang.invoke.Invokers$Holder::linkToTargetMethod (8 bytes)   force inline by annotation
                                      @ 4   java.lang.invoke.LambdaForm$Holder::constant_L (8 bytes)   force inline by annotation
                                    @ 12   java.util.Set::of (4 bytes)   inline
                                    @ 16   jdk.internal.foreign.layout.AbstractLayout::computePathOp (113 bytes)   failed to inline: callee is too large
                                @ 16   jdk.internal.foreign.layout.AbstractLayout::byteSize (5 bytes)   inline
                                @ 24   java.lang.invoke.VarHandleGuards::guard_LJD_V (138 bytes)   force inline by annotation
                                  @ 3   java.lang.invoke.VarHandle::checkAccessModeThenIsDirect (29 bytes)   force inline by annotation
                                    @ 12   java.lang.invoke.VarHandle::accessModeType (41 bytes)   force inline by annotation
                                      @ 33   java.lang.invoke.VarHandle::accessModeTypeUncached (10 bytes)   inline
                                        @ 1   java.lang.invoke.VarHandle$AccessType::values (10 bytes)   inline
                                          @ 3   java.lang.Object::clone (0 bytes)   failed to inline: native method
                                        @ 6   java.lang.invoke.VarHandle::accessModeTypeUncached (0 bytes)   failed to inline: no static binding
                                    @ 24   java.lang.invoke.VarHandle::throwWrongMethodTypeException (46 bytes)   failed to inline: don't inline by annotation
                                  @ 48   java.lang.invoke.VarForm::getMemberName (38 bytes)   force inline by annotation
                                    @ 13   java.lang.invoke.VarForm::resolveMemberName (91 bytes)   failed to inline: don't inline by annotation
                                    @ 26   java.lang.invoke.VarHandle$AccessMode::valueFromOrdinal (6 bytes)   inline
                                    @ 29   java.lang.invoke.VarHandle$AccessMode::methodName (5 bytes)   inline
                                    @ 32   java.lang.UnsupportedOperationException::<init> (6 bytes)   failed to inline: callee's klass not linked yet
                                  @ 51   java.lang.invoke.MethodHandle::linkToStatic(LLJDL)V (0 bytes)   failed to inline: MemberName not constant
                                  @ 71   java.lang.invoke.VarForm::getMethodType_V (18 bytes)   force inline by annotation
                                    @ 10   java.lang.invoke.VarForm::getMethodType_V_init (49 bytes)   force inline by annotation
                                      @ 0   java.lang.invoke.VarHandle$AccessType::values (10 bytes)   inline
                                        @ 3   java.lang.Object::clone (0 bytes)   failed to inline: native method
                                      @ 32   java.lang.invoke.MethodType::changeReturnType (20 bytes)   inline
                                        @ 1   java.lang.invoke.MethodType::returnType (5 bytes)   inline
                                        @ 16   java.lang.invoke.MethodType::methodType (69 bytes)   failed to inline: callee is too large
                                  @ 96   java.lang.invoke.VarForm::getMemberName (38 bytes)   force inline by annotation
                                    @ 13   java.lang.invoke.VarForm::resolveMemberName (91 bytes)   failed to inline: don't inline by annotation
                                    @ 26   java.lang.invoke.VarHandle$AccessMode::valueFromOrdinal (6 bytes)   inline
                                    @ 29   java.lang.invoke.VarHandle$AccessMode::methodName (5 bytes)   inline
                                    @ 32   java.lang.UnsupportedOperationException::<init> (6 bytes)   failed to inline: callee's klass not linked yet
                                  @ 99   java.lang.invoke.MethodHandle::linkToStatic(LLJDL)V (0 bytes)   failed to inline: MemberName not constant
                                  @ 111   java.lang.invoke.VarHandle::getMethodHandle (41 bytes)   force inline by annotation
                                    @ 33   java.lang.invoke.VarHandle::getMethodHandleUncached (85 bytes)   failed to inline: callee is too large
                                  @ 123   java.lang.invoke.MethodHandle::asType (28 bytes)   force inline by annotation
                                    @ 12   java.lang.invoke.MethodHandle::asTypeCached (52 bytes)   failed to inline: callee is too large
                                    @ 24   java.lang.invoke.MethodHandle::setAsTypeCache (39 bytes)   failed to inline: don't inline by annotation
                                  @ 127   java.lang.invoke.VarHandle::asDirect (2 bytes)   force inline by annotation
                                  @ 134   java.lang.invoke.MethodHandle::invokeBasic(LLJD)V (0 bytes)   failed to inline: receiver not constant
                              @ 4   jdk.internal.foreign.Utils::checkElementAlignment (17 bytes)   force inline by annotation
                                @ 1   jdk.internal.foreign.Utils::isElementAligned (48 bytes)   force inline by annotation
                                  @ 27   java.lang.foreign.ValueLayout::byteAlignment (10 bytes)   failed to inline: no static binding
                                  @ 33   java.lang.foreign.ValueLayout::byteSize (10 bytes)   failed to inline: no static binding
                                @ 12   java.lang.IllegalArgumentException::<init> (6 bytes)   failed to inline: don't inline Throwable constructors
                              @ 8   jdk.internal.foreign.layout.ValueLayouts$AbstractValueLayout::varHandle (24 bytes)   force inline by annotation
                                @ 13   jdk.internal.foreign.layout.AbstractLayout::varHandleInternal (23 bytes)   inline
                                  @ 4   jdk.internal.foreign.LayoutPath::rootPath (20 bytes)   failed to inline: callee uses too much stack
                                  @ 7   java.lang.invoke.Invokers$Holder::linkToTargetMethod (8 bytes)   force inline by annotation
                                    @ 4   java.lang.invoke.LambdaForm$Holder::constant_L (8 bytes)   force inline by annotation
                                  @ 12   java.util.Set::of (4 bytes)   inline
                                  @ 16   jdk.internal.foreign.layout.AbstractLayout::computePathOp (113 bytes)   failed to inline: callee is too large
                              @ 16   jdk.internal.foreign.layout.AbstractLayout::byteSize (5 bytes)   inline
                              @ 24   java.lang.invoke.VarHandleGuards::guard_LJD_V (138 bytes)   force inline by annotation
                                @ 3   java.lang.invoke.VarHandle::checkAccessModeThenIsDirect (29 bytes)   force inline by annotation
                                  @ 12   java.lang.invoke.VarHandle::accessModeType (41 bytes)   force inline by annotation
                                    @ 33   java.lang.invoke.VarHandle::accessModeTypeUncached (10 bytes)   inline
                                      @ 1   java.lang.invoke.VarHandle$AccessType::values (10 bytes)   inline
                                        @ 3   java.lang.Object::clone (0 bytes)   failed to inline: native method
                                      @ 6   java.lang.invoke.VarHandle::accessModeTypeUncached (0 bytes)   failed to inline: no static binding
                                  @ 24   java.lang.invoke.VarHandle::throwWrongMethodTypeException (46 bytes)   failed to inline: don't inline by annotation
                                @ 48   java.lang.invoke.VarForm::getMemberName (38 bytes)   force inline by annotation
                                  @ 13   java.lang.invoke.VarForm::resolveMemberName (91 bytes)   failed to inline: don't inline by annotation
                                  @ 26   java.lang.invoke.VarHandle$AccessMode::valueFromOrdinal (6 bytes)   inline
                                  @ 29   java.lang.invoke.VarHandle$AccessMode::methodName (5 bytes)   inline
                                  @ 32   java.lang.UnsupportedOperationException::<init> (6 bytes)   failed to inline: callee's klass not linked yet
                                @ 51   java.lang.invoke.MethodHandle::linkToStatic(LLJDL)V (0 bytes)   failed to inline: MemberName not constant
                                @ 71   java.lang.invoke.VarForm::getMethodType_V (18 bytes)   force inline by annotation
                                  @ 10   java.lang.invoke.VarForm::getMethodType_V_init (49 bytes)   force inline by annotation
                                    @ 0   java.lang.invoke.VarHandle$AccessType::values (10 bytes)   inline
                                      @ 3   java.lang.Object::clone (0 bytes)   failed to inline: native method
                                    @ 32   java.lang.invoke.MethodType::changeReturnType (20 bytes)   inline
                                      @ 1   java.lang.invoke.MethodType::returnType (5 bytes)   inline
                                      @ 16   java.lang.invoke.MethodType::methodType (69 bytes)   failed to inline: callee is too large
                                @ 96   java.lang.invoke.VarForm::getMemberName (38 bytes)   force inline by annotation
                                  @ 13   java.lang.invoke.VarForm::resolveMemberName (91 bytes)   failed to inline: don't inline by annotation
                                  @ 26   java.lang.invoke.VarHandle$AccessMode::valueFromOrdinal (6 bytes)   inline
                                  @ 29   java.lang.invoke.VarHandle$AccessMode::methodName (5 bytes)   inline
                                  @ 32   java.lang.UnsupportedOperationException::<init> (6 bytes)   failed to inline: callee's klass not linked yet
                                @ 99   java.lang.invoke.MethodHandle::linkToStatic(LLJDL)V (0 bytes)   failed to inline: MemberName not constant
                                @ 111   java.lang.invoke.VarHandle::getMethodHandle (41 bytes)   force inline by annotation
                                  @ 33   java.lang.invoke.VarHandle::getMethodHandleUncached (85 bytes)   failed to inline: callee is too large
                                @ 123   java.lang.invoke.MethodHandle::asType (28 bytes)   force inline by annotation
                                  @ 12   java.lang.invoke.MethodHandle::asTypeCached (52 bytes)   failed to inline: callee is too large
                                  @ 24   java.lang.invoke.MethodHandle::setAsTypeCache (39 bytes)   failed to inline: don't inline by annotation
                                @ 127   java.lang.invoke.VarHandle::asDirect (2 bytes)   force inline by annotation
                                @ 134   java.lang.invoke.MethodHandle::invokeBasic(LLJD)V (0 bytes)   failed to inline: receiver not constant
                              @ 12   java.lang.invoke.VarHandleSegmentAsDoubles::set (51 bytes)   force inline by annotation
                                @ 11   java.lang.invoke.SegmentVarHandle::checkSegment (24 bytes)   force inline by annotation
                                  @ 1   java.util.Objects::requireNonNull (14 bytes)   force inline by annotation
                                    @ 8   java.lang.NullPointerException::<init> (5 bytes)   failed to inline: don't inline Throwable constructors
                                  @ 18   jdk.internal.foreign.AbstractMemorySegmentImpl::checkEnclosingLayout (68 bytes)   force inline by annotation
                                    @ 3   java.lang.foreign.MemoryLayout::byteSize (0 bytes)   failed to inline: no static binding
                                    @ 10   jdk.internal.foreign.AbstractMemorySegmentImpl::checkAccess (13 bytes)   force inline by annotation
                                      @ 3   jdk.internal.foreign.AbstractMemorySegmentImpl::checkReadOnly (23 bytes)   force inline by annotation
                                        @ 18   java.lang.IllegalArgumentException::<init> (6 bytes)   failed to inline: don't inline Throwable constructors
                                      @ 9   jdk.internal.foreign.AbstractMemorySegmentImpl::checkBounds (54 bytes)   force inline by annotation
                                        @ 16   jdk.internal.util.Preconditions::checkIndex (22 bytes)   intrinsic
                                        @ 49   jdk.internal.foreign.AbstractMemorySegmentImpl::outOfBoundException (36 bytes)   failed to inline: callee is too large
                                    @ 16   jdk.internal.foreign.AbstractMemorySegmentImpl::isAlignedForElement (12 bytes)   force inline by annotation
                                      @ 3   java.lang.foreign.MemoryLayout::byteAlignment (0 bytes)   failed to inline: no static binding
                                      @ 37   jdk.internal.foreign.AbstractMemorySegmentImpl::setAtIndex (28 bytes)                              @ 8   jdk.internal.foreign.AbstractMemorySegmentImpl::isAlignedForElement (26 bytes)   force inline by annotation
   force inline by annotation   callee changed to  com.cohort.array.DoubleArray::set (43 bytes)    \-> TypeProfile (9831/9831 counts) = jdk/internal/foreign/NativeMemorySegmentImpl
                                @ 4   jdk.internal.foreign.Utils::checkElementAlignment (17 bytes)   force inline by annotation
                                  @ 1   jdk.internal.foreign.Utils::isElementAligned (48 bytes)   force inline by annotation
                                    @ 27   jdk.internal.foreign.layout.AbstractLayout::byteAlignment (5 bytes)   accessor   callee changed to  jdk.internal.foreign.Utils::isElementAligned (48 bytes)    \-> TypeProfile (6636/6636 counts) = jdk/internal/foreign/layout/ValueLayouts$OfDoubleImpl
                                    @ 33   jdk.internal.foreign.layout.AbstractLayout::byteSize (5 bytes)                                        @ 1   jdk.internal.foreign.NativeMemorySegmentImpl::unsafeGetOffset (5 bytes)   inline
                                        @ 7   jdk.internal.foreign.NativeMemorySegmentImpl::maxAlignMask (2 bytes)   inline
   accessor
                                                         @ 36   java.lang.Long::valueOf (40 bytes)   failed to inline: callee is too large
                   @ 8   jdk.internal.foreign.layout.ValueLayouts$AbstractValueLayout::varHandle (24 bytes)   force inline by annotation
                                @ 16   jdk.internal.foreign.layout.AbstractLayout::byteSize (5 bytes)   accessor
                                @ 24   java.lang.invoke.VarHandleGuards::guard_LJD_V (138 bytes)   force inline by annotation
                                         @ 43   java.lang.foreign.MemoryLayout::byteAlignment (0 bytes)   failed to inline: no static binding
                             @ 3   java.lang.invoke.VarHandle::checkAccessModeThenIsDirect (29 bytes)   force inline by annotation
                                  @ 48   java.lang.invoke.VarForm::getMemberName (38 bytes)   force inline by annotation
                                                 @ 48   java.lang.Long::valueOf (40 bytes)   failed to inline: callee is too large
             @ 51   java.lang.invoke.MethodHandle::linkToStatic(LLJDL)V (0 bytes)   failed to inline: member_name not constant
                                    @ 60   java.lang.String::format (16 bytes)   inline
                                      @ 4   java.util.Formatter::<init> (18 bytes)   inline
                                        @ 4   java.util.Locale::getDefault (63 bytes)   failed to inline: callee is too large
                                        @ 11   java.lang.StringBuilder::<init> (7 bytes)   inline
                                          @ 3   java.lang.AbstractStringBuilder::<init> (39 bytes)   failed to inline: callee is too large
                                        @ 14   java.util.Formatter::<init> (15 bytes)   inline
                                          @ 1   java.lang.Object::<init> (1 bytes)   inline
                                      @ 9   java.util.Formatter::format (11 bytes)   inline
               !                        @ 7   java.util.Formatter::format (284 bytes)   failed to inline: callee is too large
                                      @ 12   java.util.Formatter::toString (14 bytes)   inline
                                        @ 1   java.util.Formatter::ensureOpen (16 bytes)   inline
                                          @ 11  java/util/FormatterClosedException::<init> (not loaded)   failed to inline: not inlineable
                                        @ 8   java.lang.Object::toString (36 bytes)   failed to inline: no static binding
                                    @ 63   java.lang.IllegalArgumentException::<init> (6 bytes)   failed to inline: don't inline Throwable constructors
                                @ 21   jdk.internal.foreign.AbstractMemorySegmentImpl::sessionImpl (5 bytes)   force inline by annotation
                                @ 26   jdk.internal.foreign.NativeMemorySegmentImpl::unsafeGetBase (2 bytes)   inline
                                @ 34   java.lang.invoke.SegmentVarHandle::offset (13 bytes)   force inline by annotation
                                  @ 1   jdk.internal.foreign.NativeMemorySegmentImpl::unsafeGetOffset (5 bytes)   inline
                                @ 39   java.lang.Double::doubleToRawLongBits (0 bytes)   intrinsic
               !                @ 47   jdk.internal.misc.ScopedMemoryAccess::putLongUnaligned (23 bytes)   force inline by annotation
               !                  @ 8   jdk.internal.misc.ScopedMemoryAccess::putLongUnalignedInternal (37 bytes)   force inline by annotation
                                    @ 5   jdk.internal.foreign.MemorySessionImpl::checkValidStateRaw (33 bytes)   force inline by annotation
                                      @ 11   java.lang.Thread::currentThread (0 bytes)   intrinsic
                                    @ 17   jdk.internal.misc.Unsafe::putLongUnaligned (14 bytes)   failed to inline: callee uses too much stack
                                    @ 30   java.lang.ref.Reference::reachabilityFence (1 bytes)   force inline by annotation
                                    @ 21   java.lang.ref.Reference::reachabilityFence (1 bytes)   force inline by annotation
                                  @ 18   jdk.internal.misc.ScopedMemoryAccess$ScopedAccessError::newRuntimeException (13 bytes)   inline
                                    @ 4   java.util.function.Supplier::get (0 bytes)   failed to inline: no static binding
                              @ 11   java.lang.invoke.SegmentVarHandle::checkSegment (24 bytes)   force inline by annotation
                                @ 1   java.util.Objects::requireNonNull (14 bytes)   force inline by annotation
                                  @ 8   java.lang.NullPointerException::<init> (5 bytes)   failed to inline: don't inline Throwable constructors
                                @ 18   jdk.internal.foreign.AbstractMemorySegmentImpl::checkEnclosingLayout (68 bytes)   force inline by annotation
                                  @ 3   java.lang.foreign.MemoryLayout::byteSize (0 bytes)   failed to inline: no static binding
                                  @ 10   jdk.internal.foreign.AbstractMemorySegmentImpl::checkAccess (13 bytes)   force inline by annotation
                                    @ 3   jdk.internal.foreign.AbstractMemorySegmentImpl::checkReadOnly (23 bytes)   force inline by annotation
                                      @ 18   java.lang.IllegalArgumentException::<init> (6 bytes)   failed to inline: don't inline Throwable constructors
                                    @ 9   jdk.internal.foreign.AbstractMemorySegmentImpl::checkBounds (54 bytes)   force inline by annotation
                                      @ 16   jdk.internal.util.Preconditions::checkIndex (22 bytes)   intrinsic
                                      @ 49   jdk.internal.foreign.AbstractMemorySegmentImpl::outOfBoundException (36 bytes)   failed to inline: callee is too large
                                  @ 16   jdk.internal.foreign.AbstractMemorySegmentImpl::isAlignedForElement (12 bytes)   force inline by annotation
                                    @ 3   java.lang.foreign.MemoryLayout::byteAlignment (0 bytes)   failed to inline: no static binding
                                    @ 8   jdk.internal.foreign.AbstractMemorySegmentImpl::isAlignedForElement (26 bytes)   force inline by annotation
                                      @ 1   jdk.internal.foreign.NativeMemorySegmentImpl::unsafeGetOffset (5 bytes)   inline
                                      @ 7   jdk.internal.foreign.NativeMemorySegmentImpl::maxAlignMask (2 bytes)   inline
                                  @ 36   java.lang.Long::valueOf (40 bytes)   failed to inline: callee is too large
                                  @ 43   java.lang.foreign.MemoryLayout::byteAlignment (0 bytes)   failed to inline: no static binding
                                  @ 48   java.lang.Long::valueOf (40 bytes)   failed to inline: callee is too large
                                  @ 60   java.lang.String::format (16 bytes)   inline
                                    @ 4   java.util.Formatter::<init> (18 bytes)   inline
                                      @ 4   java.util.Locale::getDefault (63 bytes)   failed to inline: callee is too large
                                      @ 11   java.lang.StringBuilder::<init> (7 bytes)   inline
                                        @ 3   java.lang.AbstractStringBuilder::<init> (39 bytes)   failed to inline: callee is too large
                                      @ 14   java.util.Formatter::<init> (15 bytes)   inline
                                        @ 1   java.lang.Object::<init> (1 bytes)   inline
                                    @ 9   java.util.Formatter::format (11 bytes)   inline
               !                      @ 7   java.util.Formatter::format (284 bytes)   failed to inline: callee is too large
                                    @ 12   java.util.Formatter::toString (14 bytes)   inline
                                      @ 1   java.util.Formatter::ensureOpen (16 bytes)   inline
                                        @ 11  java/util/FormatterClosedException::<init> (not loaded)   failed to inline: not inlineable
                                      @ 8   java.lang.Object::toString (36 bytes)   failed to inline: no static binding
                                  @ 63   java.lang.IllegalArgumentException::<init> (6 bytes)   failed to inline: don't inline Throwable constructors
                              @ 21   jdk.internal.foreign.AbstractMemorySegmentImpl::sessionImpl (5 bytes)   force inline by annotation
                              @ 26   jdk.internal.foreign.NativeMemorySegmentImpl::unsafeGetBase (2 bytes)   inline
                              @ 34   java.lang.invoke.SegmentVarHandle::offset (13 bytes)   force inline by annotation
                                @ 1   jdk.internal.foreign.NativeMemorySegmentImpl::unsafeGetOffset (5 bytes)   inline
                              @ 39   java.lang.Double::doubleToRawLongBits (0 bytes)   intrinsic
               !              @ 47   jdk.internal.misc.ScopedMemoryAccess::putLongUnaligned (23 bytes)   force inline by annotation
               !                @ 8   jdk.internal.misc.ScopedMemoryAccess::putLongUnalignedInternal (37 bytes)   force inline by annotation
                                  @ 5   jdk.internal.foreign.MemorySessionImpl::checkValidStateRaw (33 bytes)   force inline by annotation
                                    @ 11   java.lang.Thread::currentThread (0 bytes)   intrinsic
                                  @ 17   jdk.internal.misc.Unsafe::putLongUnaligned (14 bytes)   failed to inline: callee uses too much stack
                                  @ 30   java.lang.ref.Reference::reachabilityFence (1 bytes)   force inline by annotation
                                  @ 21   java.lang.ref.Reference::reachabilityFence (1 bytes)   force inline by annotation
                                @ 18   jdk.internal.misc.ScopedMemoryAccess$ScopedAccessError::newRuntimeException (13 bytes)   inline
                                  @ 4   java.util.function.Supplier::get (0 bytes)   failed to inline: no static binding
                              @ 7   jdk.internal.misc.Unsafe::convEndian (16 bytes)   inline
                                @ 12   java.lang.Long::reverseBytes (46 bytes)   failed to inline: callee is too large
                              @ 10   jdk.internal.misc.Unsafe::putLongUnaligned (157 bytes)   intrinsic
                              @ 12   java.lang.Long::reverseBytes (46 bytes)   failed to inline: callee is too large
                              @ 1   java.util.Objects::requireNonNull (14 bytes)   force inline by annotation
                                @ 8   java.lang.NullPointerException::<init> (5 bytes)   failed to inline: don't inline Throwable constructors
                              @ 18   jdk.internal.foreign.AbstractMemorySegmentImpl::checkEnclosingLayout (68 bytes)   force inline by annotation
                                @ 3   java.lang.foreign.MemoryLayout::byteSize (0 bytes)   failed to inline: no static binding
                              @ 12   java.lang.invoke.VarHandleSegmentAsDoubles::set (51 bytes)   force inline by annotation
                                @ 11   java.lang.invoke.SegmentVarHandle::checkSegment (24 bytes)   force inline by annotation
                                  @ 1   java.util.Objects::requireNonNull (14 bytes)   force inline by annotation
                                  @ 18   jdk.internal.foreign.AbstractMemorySegmentImpl::checkEnclosingLayout (68 bytes)   force inline by annotation
                                                     @ 10   jdk.internal.foreign.AbstractMemorySegmentImpl::checkAccess (13 bytes)   force inline by annotation
                                  @ 3   jdk.internal.foreign.layout.AbstractLayout::byteSize (5 bytes)   accessor   callee changed to  jdk.internal.foreign.AbstractMemorySegmentImpl::checkEnclosingLayout (68 bytes)    \-> TypeProfile (18418/18418 counts) = jdk/internal/foreign/layout/ValueLayouts$OfDoubleImpl
                                                 @ 3   jdk.internal.foreign.AbstractMemorySegmentImpl::checkReadOnly (23 bytes)   force inline by annotation
  @ 10   jdk.internal.foreign.AbstractMemorySegmentImpl::checkAccess (13 bytes)   force inline by annotation
                                      @ 3   jdk.internal.foreign.AbstractMemorySegmentImpl::                                    @ 18  checkReadOnly (23 bytes)   force inline by annotation
                               java.lang.IllegalArgumentException::<init> (6 bytes)   failed to inline: don't inline Throwable constructors
                                  @ 9   jdk.internal.foreign.AbstractMemorySegmentImpl::checkBounds (54 bytes)   force inline by annotation
                                        @ 16   jdk.internal.util.Preconditions::checkIndex (22 bytes)   intrinsic
    @ 9   jdk.internal.foreign.AbstractMemorySegmentImpl::checkBounds                                    @ 49   jdk.internal.foreign.AbstractMemorySegmentImpl::outOfBoundException (36 bytes)   failed to inline: callee is too large
                                @ 16   jdk.internal.foreign.AbstractMemorySegmentImpl::isAlignedForElement (12 bytes)   force inline by annotation
 (54 bytes)                                  @ 3   java.lang.foreign.MemoryLayout::byteAlignment (0 bytes)   failed to inline: no static binding
                      force inline by annotation
                                                     @ 8   jdk.internal.foreign.AbstractMemorySegmentImpl::isAlignedForElement (26 bytes)   force inline by annotation
                                    @ 1   jdk.internal.foreign.NativeMemorySegmentImpl::unsafeGetOffset (5 bytes)   inline
  @ 16   jdk.internal.util.Preconditions::checkIndex (22 bytes)   (intrinsic)
                                    @ 16   jdk.internal.foreign.AbstractMemorySegmentImpl::isAlignedForElement (12 bytes)   force inline by annotation
                                            @ 7   jdk.internal.foreign.NativeMemorySegmentImpl::maxAlignMask                              @ 3   jdk.internal.foreign.layout.AbstractLayout::byteAlignment (5 bytes)   accessor
                      (2 bytes)   inline
                                      @ 8   jdk.internal.foreign.AbstractMemorySegmentImpl::isAlignedForElement (26 bytes)   force inline by annotation
                                        @ 1   jdk.internal.foreign.NativeMemorySegmentImpl::unsafeGetOffset (5 bytes)   accessor
                                        @ 7   jdk.internal.foreign.NativeMemorySegmentImpl::maxAlignMask (2 bytes)   inline (hot)
                                @ 21   jdk.internal.foreign.AbstractMemorySegmentImpl::sessionImpl (5 bytes)   accessor
                                @ 26   jdk.internal.foreign.NativeMemorySegmentImpl::unsafeGetBase           @ 36   java.lang.Long::valueOf (40 bytes)   failed to inline: callee is too large
                                @ 43   java.lang.foreign.MemoryLayout::byteAlignment (0 bytes)   failed to inline: no static binding
                                @ 48   java.lang.Long::valueOf (40 bytes)   failed to inline: callee is too large
                           (2 bytes)   inline (hot)
                                      @ 60   java.lang.String::format (16 bytes)   inline
                                  @ 34   java.lang.invoke.SegmentVarHandle::offset (13 bytes)   force inline by annotation
                                  @ 1   jdk.internal.foreign.NativeMemorySegmentImpl::unsafeGetOffset (5 bytes)   accessor
                   @ 4   java.util.Formatter::<init> (18 bytes)   inline
                                           @ 39   java.lang.Double::doubleToRawLongBits (0 bytes)   (intrinsic)
               !                @ 47   jdk.internal.misc.ScopedMemoryAccess::putLongUnaligned (23 bytes)   force inline by annotation
               !                @ 4   java.util.Locale::getDefault (63 bytes)   failed to inline: callee is too large
                                            @ 11   java.lang.StringBuilder::<init> (7 bytes)   inline
@ 8   jdk.internal.misc.ScopedMemoryAccess::putLongUnalignedInternal (37 bytes)   force inline by annotation
                                    @ 5   jdk.internal.foreign.MemorySessionImpl::checkValidStateRaw (33 bytes)   force inline by annotation
                                      @ 3   java.lang.AbstractStringBuilder::<init> (39 bytes)   failed to inline: callee is too large
                                            @ 14   java.util.Formatter::<init> (15 bytes)   inline
                                      @ 1   java.lang.Object::<init> (1 bytes)   inline
                                                    @ 9   java.util.Formatter::format (11 bytes)   inline
               !                    @ 7   java.util.Formatter::format          @ 17   jdk.internal.misc.Unsafe::putLongUnaligned (14 bytes)   inline (hot)
                                      @ 7   jdk.internal.misc.Unsafe::convEndian (16 bytes)   inline (hot)
                                      @ 10   jdk.internal.misc.Unsafe:: (284 bytes)   failed to inline: callee is too large
                                  @ 12   java.util.Formatter::toString (14 bytes)putLongUnaligned (157 bytes)   (intrinsic)
                                    @ 21   java.lang.ref.Reference::reachabilityFence (1 bytes)   force inline by annotation
   inline
                                    @ 1   java.util.Formatter::ensureOpen (16 bytes)   inline
                                      @ 11  java/util/FormatterClosedException::<init> (not loaded)   failed to inline: not inlineable
                                    @ 8   java.lang.Object::toString (36 bytes)   failed to inline: no static binding
                                @ 63   java.lang.IllegalArgumentException::<init> (6 bytes)   failed to inline: don't inline Throwable constructors
                              @ 7   jdk.internal.misc.Unsafe::convEndian (16 bytes)   inline (hot)
                              @ 10   jdk.internal.misc.Unsafe::putLongUnaligned (157 bytes)   (intrinsic)
                              @ 3   java.lang.foreign.MemoryLayout::byteSize (0 bytes)   failed to inline: no static binding
                              @ 10   jdk.internal.foreign.AbstractMemorySegmentImpl::checkAccess (13 bytes)   force inline by annotation
                                @ 3   jdk.internal.foreign.AbstractMemorySegmentImpl::checkReadOnly (23 bytes)   force inline by annotation
                                  @ 18   java.lang.IllegalArgumentException::<init> (6 bytes)   failed to inline: don't inline Throwable constructors
                                @ 9   jdk.internal.foreign.AbstractMemorySegmentImpl::checkBounds (54 bytes)   force inline by annotation
                                  @ 16   jdk.internal.util.Preconditions::checkIndex (22 bytes)   intrinsic
                                  @ 49   jdk.internal.foreign.AbstractMemorySegmentImpl::outOfBoundException (36 bytes)   failed to inline: callee is too large
                              @ 16   jdk.internal.foreign.AbstractMemorySegmentImpl::isAlignedForElement (12 bytes)   force inline by annotation
                                @ 3   java.lang.foreign.MemoryLayout::byteAlignment (0 bytes)   failed to inline: no static binding
                                @ 8   jdk.internal.foreign.AbstractMemorySegmentImpl::isAlignedForElement (26 bytes)   force inline by annotation
                                  @ 1   jdk.internal.foreign.NativeMemorySegmentImpl::unsafeGetOffset (5 bytes)   inline
                                  @ 7   jdk.internal.foreign.NativeMemorySegmentImpl::maxAlignMask (2 bytes)   inline
                              @ 36   java.lang.Long::valueOf (40 bytes)   failed to inline: callee is too large
                              @ 43   java.lang.foreign.MemoryLayout::byteAlignment (0 bytes)   failed to inline: no static binding
                              @ 48   java.lang.Long::valueOf (40 bytes)   failed to inline: callee is too large
                              @ 60   java.lang.String::format (16 bytes)   inline
                                @ 4   java.util.Formatter::<init> (18 bytes)   inline
                                  @ 4   java.util.Locale::getDefault (63 bytes)   failed to inline: callee is too large
                                  @ 11   java.lang.StringBuilder::<init> (7 bytes)   inline
                                    @ 3   java.lang.AbstractStringBuilder::<init> (39 bytes)   failed to inline: callee is too large
                                  @ 14   java.util.Formatter::<init> (15 bytes)   inline
                                    @ 1   java.lang.Object::<init> (1 bytes)   inline
                                @ 9   java.util.Formatter::format (11 bytes)   inline
               !                  @ 7   java.util.Formatter::format (284 bytes)   failed to inline: callee is too large
                                @ 12   java.util.Formatter::toString (14 bytes)   inline
                                  @ 1   java.util.Formatter::ensureOpen (16 bytes)   inline
                                    @ 11  java/util/FormatterClosedException::<init> (not loaded)   failed to inline: not inlineable
                                  @ 8   java.lang.Object::toString (36 bytes)   failed to inline: no static binding
                              @ 63   java.lang.IllegalArgumentException::<init> (6 bytes)   failed to inline: don't inline Throwable constructors
                              @ 130   com.cohort.array.DoubleArray::set (43 bytes)   inline (hot)
                                @ 37   jdk.internal.foreign.AbstractMemorySegmentImpl::setAtIndex (28 bytes)   force inline by annotation   callee changed to  com.cohort.array.DoubleArray::set (43 bytes)    \-> TypeProfile (9831/9831 counts) = jdk/internal/foreign/NativeMemorySegmentImpl
                                  @ 4   jdk.internal.foreign.Utils::checkElementAlignment (17 bytes)   force inline by annotation
                                    @ 1   jdk.internal.foreign.Utils::isElementAligned (48 bytes)   force inline by annotation
                                      @ 27   jdk.internal.foreign.layout.AbstractLayout::byteAlignment (5 bytes)   accessor   callee changed to  jdk.internal.foreign.Utils::isElementAligned (48 bytes)    \-> TypeProfile (6636/6636 counts) = jdk/internal/foreign/layout/ValueLayouts$OfDoubleImpl
                                      @ 33   jdk.internal.foreign.layout.AbstractLayout::byteSize (5 bytes)   accessor
                                  @ 8   jdk.internal.foreign.layout.ValueLayouts$AbstractValueLayout::varHandle (24 bytes)                              @ 3   jdk.internal.foreign.AbstractMemorySegmentImpl::checkReadOnly (23 bytes)   force inline by annotation
   force inline by annotation
                                  @ 16   jdk.internal.foreign.layout.AbstractLayout::byteSize (5 bytes)   accessor
                                                          @ 18   java.lang.IllegalArgumentException::<init> (6 bytes)   failed to inline: don't inline Throwable constructors
                              @ 9          @ 24   java.lang.invoke.VarHandleGuards::guard_LJD_V (138 bytes)   force inline by annotation
                    jdk.internal.foreign.AbstractMemorySegmentImpl::checkBounds (54 bytes)   force inline by annotation
                                  @ 16   jdk.internal.util.Preconditions::checkIndex (22 bytes)   intrinsic
                                @ 49   jdk.internal.foreign.AbstractMemorySegmentImpl::outOfBoundException (36 bytes)   failed to inline: callee is too large
               @ 3   java.lang.invoke.VarHandle::checkAccessModeThenIsDirect (29 bytes)   force inline by annotation
                                    @ 48   java.lang.invoke.VarForm::getMemberName (38 bytes)   force inline by annotation
                                    @ 51   java.lang.invoke.MethodHandle::linkToStatic(LLJDL)V (0 bytes)   failed to inline: member_name not constant
                              @ 18   java.lang.IllegalArgumentException::<init> (6 bytes)   failed to inline: don't inline Throwable constructors
                              @ 16   jdk.internal.util.Preconditions::checkIndex (22 bytes)   intrinsic
                              @ 49   jdk.internal.foreign.AbstractMemorySegmentImpl::outOfBoundException (36 bytes)   failed to inline: callee is too large
                              @ 16   jdk.internal.util.Preconditions::outOfBoundsCheckIndex (25 bytes)   failed to inline: callee uses too much stack
                              @ 3   java.lang.foreign.MemoryLayout::byteAlignment (0 bytes)   failed to inline: no static binding
                              @ 8   jdk.internal.foreign.AbstractMemorySegmentImpl::isAlignedForElement (26 bytes)   force inline by annotation
                                @ 1   jdk.internal.foreign.NativeMemorySegmentImpl::unsafeGetOffset (5 bytes)   inline
                                @ 7   jdk.internal.foreign.NativeMemorySegmentImpl::maxAlignMask (2 bytes)   inline
                              @ 1   jdk.internal.foreign.NativeMemorySegmentImpl::unsafeGetOffset (5 bytes)   inline
                              @ 7   jdk.internal.foreign.NativeMemorySegmentImpl::maxAlignMask (2 bytes)   inline
                              @ 1   jdk.internal.foreign.NativeMemorySegmentImpl::unsafeGetOffset (5 bytes)   inline
               !              @ 8   jdk.internal.misc.ScopedMemoryAccess::putLongUnalignedInternal (37 bytes)   force inline by annotation
                                @ 5   jdk.internal.foreign.MemorySessionImpl::checkValidStateRaw (33 bytes)   force inline by annotation
                                  @ 11   java.lang.Thread::currentThread (0 bytes)   intrinsic
                                @ 17   jdk.internal.misc.Unsafe::putLongUnaligned (14 bytes)   failed to inline: callee uses too much stack
                                @ 30   java.lang.ref.Reference::reachabilityFence (1 bytes)   force inline by annotation
                                @ 21   java.lang.ref.Reference::reachabilityFence (1 bytes)   force inline by annotation
                              @ 18   jdk.internal.misc.ScopedMemoryAccess$ScopedAccessError::newRuntimeException (13 bytes)   inline
                                @ 4   java.util.function.Supplier::get (0 bytes)   failed to inline: no static binding
                              @ 5   jdk.internal.foreign.MemorySessionImpl::checkValidStateRaw (33 bytes)   force inline by annotation
                                @ 11   java.lang.Thread::currentThread (0 bytes)   intrinsic
                              @ 17   jdk.internal.misc.Unsafe::putLongUnaligned (14 bytes)   failed to inline: callee uses too much stack
                              @ 30   java.lang.ref.Reference::reachabilityFence (1 bytes)   force inline by annotation
                              @ 21   java.lang.ref.Reference::reachabilityFence (1 bytes)   force inline by annotation
                              @ 1   jdk.internal.foreign.Utils::isElementAligned (48 bytes)   force inline by annotation
                                @ 27   java.lang.foreign.ValueLayout::byteAlignment (10 bytes)   failed to inline: no static binding
                                @ 33   java.lang.foreign.ValueLayout::byteSize (10 bytes)   failed to inline: no static binding
                              @ 12   java.lang.IllegalArgumentException::<init> (6 bytes)   failed to inline: don't inline Throwable constructors
                              @ 3   java.lang.invoke.VarHandle::checkAccessModeThenIsDirect (29 bytes)   force inline by annotation
                                @ 12   java.lang.invoke.VarHandle::accessModeType (41 bytes)   force inline by annotation
                                  @ 33   java.lang.invoke.VarHandle::accessModeTypeUncached (10 bytes)   inline
                                    @ 1   java.lang.invoke.VarHandle$AccessType::values (10 bytes)   inline
                                      @ 3   java.lang.Object::clone (0 bytes)   failed to inline: native method
                                    @ 6   java.lang.invoke.VarHandle::accessModeTypeUncached (0 bytes)   failed to inline: no static binding
                                @ 24   java.lang.invoke.VarHandle::throwWrongMethodTypeException (46 bytes)   failed to inline: don't inline by annotation
                              @ 48   java.lang.invoke.VarForm::getMemberName (38 bytes)   force inline by annotation
                                @ 13   java.lang.invoke.VarForm::resolveMemberName (91 bytes)   failed to inline: don't inline by annotation
                                @ 26   java.lang.invoke.VarHandle$AccessMode::valueFromOrdinal (6 bytes)   inline
                                @ 29   java.lang.invoke.VarHandle$AccessMode::methodName (5 bytes)   inline
                                @ 32   java.lang.UnsupportedOperationException::<init> (6 bytes)   failed to inline: callee's klass not linked yet
                              @ 51   java.lang.invoke.MethodHandle::linkToStatic(LLJDL)V (0 bytes)   failed to inline: MemberName not constant
                              @ 71   java.lang.invoke.VarForm::getMethodType_V (18 bytes)   force inline by annotation
                                @ 10   java.lang.invoke.VarForm::getMethodType_V_init (49 bytes)   force inline by annotation
                                  @ 0   java.lang.invoke.VarHandle$AccessType::values (10 bytes)   inline
                                    @ 3   java.lang.Object::clone (0 bytes)   failed to inline: native method
                                  @ 32   java.lang.invoke.MethodType::changeReturnType (20 bytes)   inline
                                    @ 1   java.lang.invoke.MethodType::returnType (5 bytes)   inline
                                    @ 16   java.lang.invoke.MethodType::methodType (69 bytes)   failed to inline: callee is too large
                              @ 96   java.lang.invoke.VarForm::getMemberName (38 bytes)   force inline by annotation
                                @ 13   java.lang.invoke.VarForm::resolveMemberName (91 bytes)   failed to inline: don't inline by annotation
                                @ 26   java.lang.invoke.VarHandle$AccessMode::valueFromOrdinal (6 bytes)   inline
                                @ 29   java.lang.invoke.VarHandle$AccessMode::methodName (5 bytes)   inline
                                @ 32   java.lang.UnsupportedOperationException::<init> (6 bytes)   failed to inline: callee's klass not linked yet
                              @ 99   java.lang.invoke.MethodHandle::linkToStatic(LLJDL)V (0 bytes)   failed to inline: MemberName not constant
                              @ 111   java.lang.invoke.VarHandle::getMethodHandle (41 bytes)   force inline by annotation
                                @ 33   java.lang.invoke.VarHandle::getMethodHandleUncached (85 bytes)   failed to inline: callee is too large
                              @ 123   java.lang.invoke.MethodHandle::asType (28 bytes)   force inline by annotation
                                @ 12   java.lang.invoke.MethodHandle::asTypeCached (52 bytes)   failed to inline: callee is too large
                                @ 24   java.lang.invoke.MethodHandle::setAsTypeCache (39 bytes)   failed to inline: don't inline by annotation
                              @ 127   java.lang.invoke.VarHandle::asDirect (2 bytes)   force inline by annotation
                              @ 134   java.lang.invoke.MethodHandle::invokeBasic(LLJD)V (0 bytes)   failed to inline: receiver not constant
               !m             @ 5   java.io.PrintStream::println (44 bytes)   failed to inline: callee is too large
               !m             @ 13   java.io.PrintStream::println (44 bytes)   failed to inline: callee is too large
               !m             @ 21   java.io.PrintStream::println (44 bytes)   failed to inline: callee is too large
                              @ 37   java.lang.Integer::valueOf (32 bytes)   inline
                                @ 28   java.lang.Integer::<init> (10 bytes)   inline
                                  @ 1   java.lang.Number::<init> (5 bytes)   inline
                                    @ 1   java.lang.Object::<init> (1 bytes)   inline
                              @ 41   java.io.PrintStream::printf (7 bytes)   inline
               !m               @ 3   java.io.PrintStream::format (92 bytes)   failed to inline: callee is too large
                              @ 57   java.lang.Integer::valueOf (32 bytes)   inline
                              @ 61   java.io.PrintStream::printf (7 bytes)   inline
               !m               @ 3   java.io.PrintStream::format (92 bytes)   failed to inline: callee is too large
                              @ 77   java.util.Random::<init> (53 bytes)   failed to inline: callee is too large
                              @ 92   java.util.Random::nextDouble (24 bytes)   inline
                                @ 3   java.util.Random::next (47 bytes)   failed to inline: callee is too large
                                @ 13   java.util.Random::next (47 bytes)   failed to inline: callee is too large
                              @ 109   com.cohort.array.DoubleArray::<init> (58 bytes)   failed to inline: callee is too large
                              @ 130   com.cohort.array.DoubleArray::set (43 bytes)   failed to inline: callee is too large
                              @ 163   java.util.Random::nextInt (74 bytes)   failed to inline: callee is too large
               !m             @ 178   java.io.PrintStream::println (44 bytes)   failed to inline: callee is too large
                              @ 183   com.cohort.array.PanamaArrayBenchmark::runSequentialRead (11 bytes)   inline
                                @ 1   com.cohort.array.PanamaArrayBenchmark::runSequentialReadStandard (24 bytes)   failed to inline: callee uses too much stack
                                @ 6   com.cohort.array.PanamaArrayBenchmark::runSequentialReadPanama (33 bytes)   failed to inline: callee is too large
                              @ 190   com.cohort.array.PanamaArrayBenchmark::runStrideAccess (13 bytes)   inline
                                @ 2   com.cohort.array.PanamaArrayBenchmark::runStrideAccessStandard (42 bytes)   failed to inline: callee is too large
                                @ 8   com.cohort.array.PanamaArrayBenchmark::runStrideAccessPanama (44 bytes)   failed to inline: callee is too large
                              @ 195   com.cohort.array.PanamaArrayBenchmark::runSlicing (11 bytes)   inline
                                @ 1   com.cohort.array.PanamaArrayBenchmark::runSlicingStandard (46 bytes)   failed to inline: callee is too large
                                @ 6   com.cohort.array.PanamaArrayBenchmark::runSlicingPanama (64 bytes)   failed to inline: callee is too large
               !m             @ 203   java.io.PrintStream::println (44 bytes)   failed to inline: callee is too large
                              @ 246   java.lang.Integer::valueOf (32 bytes)   inline
                                @ 28   java.lang.Integer::<init> (10 bytes)   inline
                                  @ 1   java.lang.Number::<init> (5 bytes)   inline
                                    @ 1   java.lang.Object::<init> (1 bytes)   inline
                              @ 250   java.io.PrintStream::printf (7 bytes)   inline
               !m               @ 3   java.io.PrintStream::format (92 bytes)   failed to inline: callee is too large
                              @ 254   java.lang.System::nanoTime (0 bytes)   intrinsic
                              @ 260   com.cohort.array.PanamaArrayBenchmark::runSequentialReadStandard (24 bytes)   failed to inline: callee uses too much stack
                              @ 265   java.lang.System::nanoTime (0 bytes)   intrinsic
                              @ 289   java.lang.System::nanoTime (0 bytes)   intrinsic
                              @ 295   com.cohort.array.PanamaArrayBenchmark::runSequentialReadPanama (33 bytes)   failed to inline: callee uses too much stack
                              @ 300   java.lang.System::nanoTime (0 bytes)   intrinsic
                              @ 337   java.lang.Double::valueOf (9 bytes)   inline
                                @ 5   java.lang.Double::<init> (10 bytes)   inline
                                  @ 1   java.lang.Number::<init> (5 bytes)   inline
                                    @ 1   java.lang.Object::<init> (1 bytes)   inline
                              @ 345   java.lang.Double::valueOf (9 bytes)   inline
                                @ 5   java.lang.Double::<init> (10 bytes)   inline
                                  @ 1   java.lang.Number::<init> (5 bytes)   inline
                                    @ 1   java.lang.Object::<init> (1 bytes)   inline
                              @ 353   java.lang.Double::valueOf (9 bytes)   inline
                                @ 5   java.lang.Double::<init> (10 bytes)   inline
                                  @ 1   java.lang.Number::<init> (5 bytes)   inline
                                    @ 1   java.lang.Object::<init> (1 bytes)   inline
                              @ 361   java.lang.Double::valueOf (9 bytes)   inline
                                @ 5   java.lang.Double::<init> (10 bytes)   inline
                                  @ 1   java.lang.Number::<init> (5 bytes)   inline
                                    @ 1   java.lang.Object::<init> (1 bytes)   inline
                              @ 365   java.io.PrintStream::printf (7 bytes)   inline
               !m               @ 3   java.io.PrintStream::format (92 bytes)   failed to inline: callee is too large
                              @ 369   java.lang.System::nanoTime (0 bytes)   intrinsic
                              @ 377   com.cohort.array.PanamaArrayBenchmark::runStrideAccessStandard (42 bytes)   failed to inline: callee is too large
                              @ 382   java.lang.System::nanoTime (0 bytes)   intrinsic
                              @ 406   java.lang.System::nanoTime (0 bytes)   intrinsic
                              @ 414   com.cohort.array.PanamaArrayBenchmark::runStrideAccessPanama (44 bytes)   failed to inline: callee is too large
                              @ 419   java.lang.System::nanoTime (0 bytes)   intrinsic
                              @ 456   java.lang.Double::valueOf (9 bytes)   inline
                                @ 5   java.lang.Double::<init> (10 bytes)   inline
                                  @ 1   java.lang.Number::<init> (5 bytes)   inline
                                    @ 1   java.lang.Object::<init> (1 bytes)   inline
                              @ 464   java.lang.Double::valueOf (9 bytes)   inline
                                @ 5   java.lang.Double::<init> (10 bytes)   inline
                                  @ 1   java.lang.Number::<init> (5 bytes)   inline
                                    @ 1   java.lang.Object::<init> (1 bytes)   inline
                              @ 472   java.lang.Double::valueOf (9 bytes)   inline
                                @ 5   java.lang.Double::<init> (10 bytes)   inline
                                  @ 1   java.lang.Number::<init> (5 bytes)   inline
                                    @ 1   java.lang.Object::<init> (1 bytes)   inline
                              @ 480   java.lang.Double::valueOf (9 bytes)   inline
                                @ 5   java.lang.Double::<init> (10 bytes)   inline
                                  @ 1   java.lang.Number::<init> (5 bytes)   inline
                                    @ 1   java.lang.Object::<init> (1 bytes)   inline
                              @ 484   java.io.PrintStream::printf (7 bytes)   inline
               !m               @ 3   java.io.PrintStream::format (92 bytes)   failed to inline: callee is too large
                              @ 488   java.lang.System::nanoTime (0 bytes)   intrinsic
                              @ 494   com.cohort.array.PanamaArrayBenchmark::runSlicingStandard (46 bytes)   failed to inline: callee is too large
                              @ 499   java.lang.System::nanoTime (0 bytes)   intrinsic
                              @ 523   java.lang.System::nanoTime (0 bytes)   intrinsic
                              @ 529   com.cohort.array.PanamaArrayBenchmark::runSlicingPanama (64 bytes)   failed to inline: callee is too large
                              @ 534   java.lang.System::nanoTime (0 bytes)   intrinsic
                              @ 571   java.lang.Double::valueOf (9 bytes)   inline
                                @ 5   java.lang.Double::<init> (10 bytes)   inline
                                  @ 1   java.lang.Number::<init> (5 bytes)   inline
                                    @ 1   java.lang.Object::<init> (1 bytes)   inline
                              @ 579   java.lang.Double::valueOf (9 bytes)   inline
                                @ 5   java.lang.Double::<init> (10 bytes)   inline
                                  @ 1   java.lang.Number::<init> (5 bytes)   inline
                                    @ 1   java.lang.Object::<init> (1 bytes)   inline
                              @ 587   java.lang.Integer::valueOf (32 bytes)   inline
                                @ 28   java.lang.Integer::<init> (10 bytes)   inline
                                  @ 1   java.lang.Number::<init> (5 bytes)   inline
                                    @ 1   java.lang.Object::<init> (1 bytes)   inline
                              @ 591   java.io.PrintStream::printf (7 bytes)   inline
               !m               @ 3   java.io.PrintStream::format (92 bytes)   failed to inline: callee is too large
               !m             @ 606   java.io.PrintStream::println (44 bytes)   failed to inline: callee is too large
               !m             @ 614   java.io.PrintStream::println (44 bytes)   failed to inline: callee is too large
               !m             @ 622   java.io.PrintStream::println (44 bytes)   failed to inline: callee is too large
                              @ 634   java.io.PrintStream::printf (7 bytes)   inline
               !m               @ 3   java.io.PrintStream::format (92 bytes)   failed to inline: callee is too large
                              @ 655   java.lang.Double::valueOf (9 bytes)   inline
                                @ 5   java.lang.Double::<init> (10 bytes)   inline
                                  @ 1   java.lang.Number::<init> (5 bytes)   inline
                                    @ 1   java.lang.Object::<init> (1 bytes)   inline
                              @ 659   java.io.PrintStream::printf (7 bytes)   inline
               !m               @ 3   java.io.PrintStream::format (92 bytes)   failed to inline: callee is too large
                              @ 680   java.lang.Double::valueOf (9 bytes)   inline
                                @ 5   java.lang.Double::<init> (10 bytes)   inline
                                  @ 1   java.lang.Number::<init> (5 bytes)   inline
                                    @ 1   java.lang.Object::<init> (1 bytes)   inline
                              @ 684   java.io.PrintStream::printf (7 bytes)   inline
               !m               @ 3   java.io.PrintStream::format (92 bytes)   failed to inline: callee is too large
                              @ 697   java.io.PrintStream::printf (7 bytes)   inline
               !m               @ 3   java.io.PrintStream::format (92 bytes)   failed to inline: callee is too large
                              @ 718   java.lang.Double::valueOf (9 bytes)   inline
                                @ 5   java.lang.Double::<init> (10 bytes)   inline
                                  @ 1   java.lang.Number::<init> (5 bytes)   inline
                                    @ 1   java.lang.Object::<init> (1 bytes)   inline
                              @ 722   java.io.PrintStream::printf (7 bytes)   inline
               !m               @ 3   java.io.PrintStream::format (92 bytes)   failed to inline: callee is too large
                              @ 743   java.lang.Double::valueOf (9 bytes)   inline
                                @ 5   java.lang.Double::<init> (10 bytes)   inline
                                  @ 1   java.lang.Number::<init> (5 bytes)   inline
                                    @ 1   java.lang.Object::<init> (1 bytes)   inline
                              @ 747   java.io.PrintStream::printf (7 bytes)   inline
               !m               @ 3   java.io.PrintStream::format (92 bytes)   failed to inline: callee is too large
                              @ 760   java.io.PrintStream::printf (7 bytes)   inline
               !m               @ 3   java.io.PrintStream::format (92 bytes)   failed to inline: callee is too large
                              @ 781   java.lang.Double::valueOf (9 bytes)   inline
                                @ 5   java.lang.Double::<init> (10 bytes)   inline
                                  @ 1   java.lang.Number::<init> (5 bytes)   inline
                                    @ 1   java.lang.Object::<init> (1 bytes)   inline
                              @ 785   java.io.PrintStream::printf (7 bytes)   inline
               !m               @ 3   java.io.PrintStream::format (92 bytes)   failed to inline: callee is too large
                              @ 806   java.lang.Double::valueOf (9 bytes)   inline
                                @ 5   java.lang.Double::<init> (10 bytes)   inline
                                  @ 1   java.lang.Number::<init> (5 bytes)   inline
                                    @ 1   java.lang.Object::<init> (1 bytes)   inline
                              @ 810   java.io.PrintStream::printf (7 bytes)   inline
               !m               @ 3   java.io.PrintStream::format (92 bytes)   failed to inline: callee is too large
               !m             @ 819   java.io.PrintStream::println (44 bytes)   failed to inline: callee is too large
                              @ 10   java.lang.IllegalArgumentException::<init> (6 bytes)   failed to inline: don't inline Throwable constructors
                              @ 17   java.util.Random::next (47 bytes)   failed to inline: callee is too large
                              @ 64   java.util.Random::next (47 bytes)   failed to inline: callee is too large
                              @ 163   java.util.Random::nextInt (74 bytes)   inline (hot)
                                @ 17   java.util.Random::next (47 bytes)   inline (hot)
                                  @ 8   java.util.concurrent.atomic.AtomicLong::get (5 bytes)   accessor
                                  @ 32   java.util.concurrent.atomic.AtomicLong::compareAndSet (13 bytes)   inline (hot)
                                    @ 9   jdk.internal.misc.Unsafe::compareAndSetLong (0 bytes)   (intrinsic)
                                @ 64   java.util.Random::next (47 bytes)   failed to inline: too big
                              @ 17   java.util.Random::next (47 bytes)   inline (hot)
                                @ 8   java.util.concurrent.atomic.AtomicLong::get (5 bytes)   accessor
                                @ 32   java.util.concurrent.atomic.AtomicLong::compareAndSet (13 bytes)   inline (hot)
                                  @ 9   jdk.internal.misc.Unsafe::compareAndSetLong (0 bytes)   (intrinsic)
                              @ 64   java.util.Random::next (47 bytes)   failed to inline: too big
Warming up JIT...
                              @ 13   java.lang.invoke.VarForm::resolveMemberName (91 bytes)   failed to inline: don't inline by annotation
                              @ 26   java.lang.invoke.VarHandle$AccessMode::valueFromOrdinal (6 bytes)   inline
                              @ 29   java.lang.invoke.VarHandle$AccessMode::methodName (5 bytes)   inline
                              @ 32   java.lang.UnsupportedOperationException::<init> (6 bytes)   failed to inline: callee's klass not linked yet
                              @ 13   jdk.internal.misc.Unsafe::getLong (0 bytes)   intrinsic
                              @ 30   jdk.internal.misc.Unsafe::getInt (0 bytes)   intrinsic
                              @ 40   jdk.internal.misc.Unsafe::getInt (0 bytes)   intrinsic
                              @ 43   jdk.internal.misc.Unsafe::makeLong (25 bytes)   failed to inline: callee uses too much stack
                              @ 58   jdk.internal.misc.Unsafe::getShort (0 bytes)   intrinsic
                              @ 68   jdk.internal.misc.Unsafe::getShort (0 bytes)   intrinsic
                              @ 78   jdk.internal.misc.Unsafe::getShort (0 bytes)   intrinsic
                              @ 88   jdk.internal.misc.Unsafe::getShort (0 bytes)   intrinsic
                              @ 91   jdk.internal.misc.Unsafe::makeLong (51 bytes)   failed to inline: callee is too large
                              @ 98   jdk.internal.misc.Unsafe::getByte (0 bytes)   intrinsic
                              @ 106   jdk.internal.misc.Unsafe::getByte (0 bytes)   intrinsic
                              @ 116   jdk.internal.misc.Unsafe::getByte (0 bytes)   intrinsic
                              @ 126   jdk.internal.misc.Unsafe::getByte (0 bytes)   intrinsic
                              @ 136   jdk.internal.misc.Unsafe::getByte (0 bytes)   intrinsic
                              @ 146   jdk.internal.misc.Unsafe::getByte (0 bytes)   intrinsic
                              @ 156   jdk.internal.misc.Unsafe::getByte (0 bytes)   intrinsic
                              @ 166   jdk.internal.misc.Unsafe::getByte (0 bytes)   intrinsic
                              @ 169   jdk.internal.misc.Unsafe::makeLong (107 bytes)   failed to inline: callee is too large
                              @ 17  java/lang/invoke/MethodHandle::invokeBasic (not loaded)   failed to inline: not inlineable
                              @ 22   java.lang.IllegalArgumentException::<init> (6 bytes)   failed to inline: don't inline Throwable constructors
                              @ 36   jdk.internal.foreign.AbstractMemorySegmentImpl::getAtIndex (26 bytes)   force inline by annotation
                                @ 4   jdk.internal.foreign.Utils::checkElementAlignment (17 bytes)   force inline by annotation
                                  @ 1   jdk.internal.foreign.Utils::isElementAligned (48 bytes)   force inline by annotation
                                    @ 27   java.lang.foreign.ValueLayout::byteAlignment (10 bytes)   failed to inline: no static binding
                                    @ 33   java.lang.foreign.ValueLayout::byteSize (10 bytes)   failed to inline: no static binding
                                  @ 12   java.lang.IllegalArgumentException::<init> (6 bytes)   failed to inline: don't inline Throwable constructors
                                @ 8   jdk.internal.foreign.layout.ValueLayouts$AbstractValueLayout::varHandle (24 bytes)   force inline by annotation
                                  @ 13   jdk.internal.foreign.layout.AbstractLayout::varHandleInternal (23 bytes)   inline
                                    @ 4   jdk.internal.foreign.LayoutPath::rootPath (20 bytes)   failed to inline: callee uses too much stack
                                    @ 7   java.lang.invoke.Invokers$Holder::linkToTargetMethod (8 bytes)   force inline by annotation
                                      @ 4   java.lang.invoke.LambdaForm$Holder::constant_L (8 bytes)   force inline by annotation
                                    @ 12   java.util.Set::of (4 bytes)   inline
                                    @ 16   jdk.internal.foreign.layout.AbstractLayout::computePathOp (113 bytes)   failed to inline: callee is too large
                                @ 16   jdk.internal.foreign.layout.AbstractLayout::byteSize (5 bytes)   inline
                                @ 22   java.lang.invoke.VarHandleGuards::guard_LJ_D (84 bytes)   force inline by annotation
                                  @ 3   java.lang.invoke.VarHandle::checkAccessModeThenIsDirect (29 bytes)   force inline by annotation
                                    @ 12   java.lang.invoke.VarHandle::accessModeType (41 bytes)   force inline by annotation
                                      @ 33   java.lang.invoke.VarHandle::accessModeTypeUncached (10 bytes)   inline
                                        @ 1   java.lang.invoke.VarHandle$AccessType::values (10 bytes)   inline
                                          @ 3   java.lang.Object::clone (0 bytes)   failed to inline: native method
                                        @ 6   java.lang.invoke.VarHandle::accessModeTypeUncached (0 bytes)   failed to inline: no static binding
                                    @ 24   java.lang.invoke.VarHandle::throwWrongMethodTypeException (46 bytes)   failed to inline: don't inline by annotation
                                  @ 46   java.lang.invoke.VarForm::getMemberName (38 bytes)   force inline by annotation
                                    @ 13   java.lang.invoke.VarForm::resolveMemberName (91 bytes)   failed to inline: don't inline by annotation
                                    @ 26   java.lang.invoke.VarHandle$AccessMode::valueFromOrdinal (6 bytes)   inline
                                    @ 29   java.lang.invoke.VarHandle$AccessMode::methodName (5 bytes)   inline
                                    @ 32   java.lang.UnsupportedOperationException::<init> (6 bytes)   failed to inline: callee's klass not linked yet
                                  @ 49   java.lang.invoke.MethodHandle::linkToStatic(LLJL)D (0 bytes)   failed to inline: MemberName not constant
                                  @ 59   java.lang.invoke.VarHandle::getMethodHandle (41 bytes)   force inline by annotation
                                    @ 33   java.lang.invoke.VarHandle::getMethodHandleUncached (85 bytes)   failed to inline: callee is too large
                                  @ 71   java.lang.invoke.MethodHandle::asType (28 bytes)   force inline by annotation
                                    @ 12   java.lang.invoke.MethodHandle::asTypeCached (52 bytes)   failed to inline: callee is too large
                              @ 1   java.util.Objects::requireNonNull (14 bytes)   force inline by annotation
                              @ 18   jdk.internal.foreign.AbstractMemorySegmentImpl::checkEnclosingLayout (68 bytes)   force inline by annotation
                                @ 3   jdk.internal.foreign.layout.AbstractLayout::byteSize (5 bytes)   accessor   callee changed to  jdk.internal.foreign.AbstractMemorySegmentImpl::checkEnclosingLayout (68 bytes)                                    @ 24   java.lang.invoke.MethodHandle::setAsTypeCache (39 bytes)    \-> TypeProfile (18418/18418 counts) = jdk/internal/foreign/layout/ValueLayouts$OfDoubleImpl
                                @ 10   jdk.internal.foreign.AbstractMemorySegmentImpl::checkAccess (13 bytes)   force inline by annotation
                failed to inline: don't inline by annotation
                                        @ 3   jdk.internal.foreign.AbstractMemorySegmentImpl::checkReadOnly (23 bytes)   force inline by annotation
                                  @ 9   jdk.internal.foreign.AbstractMemorySegmentImpl::checkBounds (54 bytes)   force inline by annotation
                                    @ 16   jdk.internal.util.Preconditions::checkIndex (22 bytes)   (intrinsic)
                                @ 16   jdk.internal.foreign.AbstractMemorySegmentImpl::isAlignedForElement (12 bytes)   force inline by annotation
                                         @ 75          @ 3   jdk.internal.foreign.layout.AbstractLayout::byteAlignment (5 bytes)   accessor
                                  @ 8   jdk.internal.foreign.AbstractMemorySegmentImpl::isAlignedForElement (26 bytes)   force inline by annotation
                                    @ 1   jdk.internal.foreign.NativeMemorySegmentImpl::unsafeGetOffset (5 bytes)   accessor
                                    @ 7   jdk.internal.foreign.NativeMemorySegmentImpl::maxAlignMask (2 bytes)   inline (hot)
 java.lang.invoke.VarHandle::asDirect (2 bytes)   force inline by annotation
                                  @ 80   java.lang.invoke.MethodHandle::invokeBasic(LLJ)D (0 bytes)   failed to inline: receiver not constant
                              @ 1   jdk.internal.foreign.NativeMemorySegmentImpl::unsafeGetOffset (5 bytes)   accessor
                              @ 1   jdk.internal.foreign.Utils::isElementAligned (48 bytes)   force inline by annotation
                                @ 27   jdk.internal.foreign.layout.AbstractLayout::byteAlignment (5 bytes)   accessor   callee changed to  jdk.internal.foreign.Utils::isElementAligned (48 bytes)    \-> TypeProfile (6636/6636 counts) = jdk/internal/foreign/layout/ValueLayouts$OfDoubleImpl
                                @ 33   jdk.internal.foreign.layout.AbstractLayout::byteSize (5 bytes)   accessor
                              @ 1   java.util.Objects::requireNonNull (14 bytes)   force inline by annotation
                                @ 8   java.lang.NullPointerException::<init> (5 bytes)   failed to inline: don't inline Throwable constructors
                              @ 18   jdk.internal.foreign.AbstractMemorySegmentImpl::checkEnclosingLayout (68 bytes)   force inline by annotation
                                @ 3   java.lang.foreign.MemoryLayout::byteSize (0 bytes)   failed to inline: no static binding
                                @ 10   jdk.internal.foreign.AbstractMemorySegmentImpl::checkAccess (13 bytes)   force inline by annotation
                                  @ 3   jdk.internal.foreign.AbstractMemorySegmentImpl::checkReadOnly (23 bytes)   force inline by annotation
                                    @ 18   java.lang.IllegalArgumentException::<init> (6 bytes)   failed to inline: don't inline Throwable constructors
                                  @ 9   jdk.internal.foreign.AbstractMemorySegmentImpl::checkBounds (54 bytes)   force inline by annotation
                                    @ 16   jdk.internal.util.Preconditions::checkIndex (22 bytes)   intrinsic
                                    @ 49   jdk.internal.foreign.AbstractMemorySegmentImpl::outOfBoundException (36 bytes)   failed to inline: callee is too large
                                @ 16   jdk.internal.foreign.AbstractMemorySegmentImpl::isAlignedForElement (12 bytes)   force inline by annotation
                                  @ 3   java.lang.foreign.MemoryLayout::byteAlignment (0 bytes)   failed to inline: no static binding
                                  @ 8   jdk.internal.foreign.AbstractMemorySegmentImpl::isAlignedForElement (26 bytes)   force inline by annotation
                                    @ 1   jdk.internal.foreign.NativeMemorySegmentImpl::unsafeGetOffset (5 bytes)   inline
                                                       @ 7   jdk.internal.foreign.NativeMemorySegmentImpl::maxAlignMask (2 bytes)   inline
           @ 13   java.lang.invoke.VarForm::resolveMemberName (91 bytes)   failed to inline: too big
                                @ 36   java.lang.Long::valueOf (40 bytes)   failed to inline: callee is too large
                                @ 43   java.lang.foreign.MemoryLayout::byteAlignment (0 bytes)   failed to inline: no static binding
                                @ 48   java.lang.Long::valueOf (40 bytes)   failed to inline: callee is too large
                                @ 60   java.lang.String::format (16 bytes)   inline
                                  @ 4   java.util.Formatter::<init> (18 bytes)   inline
                                    @ 4   java.util.Locale::getDefault (63 bytes)   failed to inline: callee is too large
                                    @ 11   java.lang.StringBuilder::<init> (7 bytes)   inline
                                      @ 3   java.lang.AbstractStringBuilder::<init> (39 bytes)   failed to inline: callee is too large
                                    @ 14   java.util.Formatter::<init> (15 bytes)   inline
                                                                    @ 1   java.lang.Object::<init> (1 bytes)   inline
@ 13   jdk.internal.misc.Unsafe::getLong (0 bytes)   (intrinsic)
                                  @ 9   java.util.Formatter::format (11 bytes)   inline
               !                    @ 7   java.util.Formatter::format (284 bytes)   failed to inline: callee is too large
                                  @ 12   java.util.Formatter::toString (14 bytes)   inline
                                    @ 1   java.util.Formatter::ensureOpen (16 bytes)   inline
                                      @ 11  java/util/FormatterClosedException::<init> (not loaded)   failed to inline: not inlineable
                                    @ 8   java.lang.Object::toString (36 bytes)   failed to inline: no static binding
                                @ 63   java.lang.IllegalArgumentException::<init> (6 bytes)   failed to inline: don't inline Throwable constructors
                              @ 3   java.lang.foreign.MemoryLayout::byteSize (0 bytes)   failed to inline: no static binding
                              @ 10   jdk.internal.foreign.AbstractMemorySegmentImpl::checkAccess (13 bytes)   force inline by annotation
                                @ 3   jdk.internal.foreign.AbstractMemorySegmentImpl::checkReadOnly (23 bytes)   force inline by annotation
                                  @ 18   java.lang.IllegalArgumentException::<init> (6 bytes)   failed to inline: don't inline Throwable constructors
                                @ 9   jdk.internal.foreign.AbstractMemorySegmentImpl::checkBounds (54 bytes)   force inline by annotation
                                  @ 16   jdk.internal.util.Preconditions::checkIndex (22 bytes)   intrinsic
                                  @ 49   jdk.internal.foreign.AbstractMemorySegmentImpl::outOfBoundException (36 bytes)   failed to inline: callee is too large
                              @ 16   jdk.internal.foreign.AbstractMemorySegmentImpl::isAlignedForElement (12 bytes)   force inline by annotation
                                @ 3   java.lang.foreign.MemoryLayout::byteAlignment (0 bytes)   failed to inline: no static binding
                                @ 8   jdk.internal.foreign.AbstractMemorySegmentImpl::isAlignedForElement (26 bytes)   force inline by annotation
                                  @ 1   jdk.internal.foreign.NativeMemorySegmentImpl::unsafeGetOffset (5 bytes)   inline
                                  @ 7   jdk.internal.foreign.NativeMemorySegmentImpl::maxAlignMask (2 bytes)   inline
                              @ 36   java.lang.Long::valueOf (40 bytes)   failed to inline: callee is too large
                              @ 43   java.lang.foreign.MemoryLayout::byteAlignment (0 bytes)   failed to inline: no static binding
                              @ 48   java.lang.Long::valueOf (40 bytes)   failed to inline: callee is too large
                              @ 60   java.lang.String::format (16 bytes)   inline
                                @ 4   java.util.Formatter::<init> (18 bytes)   inline
                                  @ 4   java.util.Locale::getDefault (63 bytes)   failed to inline: callee is too large
                                  @ 11   java.lang.StringBuilder::<init> (7 bytes)   inline
                                    @ 3   java.lang.AbstractStringBuilder::<init> (39 bytes)   failed to inline: callee is too large
                                  @ 14   java.util.Formatter::<init> (15 bytes)   inline
                                    @ 1   java.lang.Object::<init> (1 bytes)   inline
                                @ 9   java.util.Formatter::format (11 bytes)   inline
               !                  @ 7   java.util.Formatter::format (284 bytes)   failed to inline: callee is too large
                                @ 12   java.util.Formatter::toString (14 bytes)   inline
                                  @ 1   java.util.Formatter::ensureOpen (16 bytes)   inline
                                    @ 11  java/util/FormatterClosedException::<init> (not loaded)   failed to inline: not inlineable
                                  @ 8   java.lang.Object::toString (36 bytes)   failed to inline: no static binding
                              @ 63   java.lang.IllegalArgumentException::<init> (6 bytes)   failed to inline: don't inline Throwable constructors
                              @ 36   jdk.internal.foreign.AbstractMemorySegmentImpl::getAtIndex (26 bytes)   force inline by annotation   callee changed to  com.cohort.array.DoubleArray::get (42 bytes)    \-> TypeProfile (10069/10069 counts) = jdk/internal/foreign/NativeMemorySegmentImpl
                                @ 4   jdk.internal.foreign.Utils::checkElementAlignment (17 bytes)   force inline by annotation
                                  @ 1   jdk.internal.foreign.Utils::isElementAligned (48 bytes)   force inline by annotation
                                    @ 27   jdk.internal.foreign.layout.AbstractLayout::byteAlignment (5 bytes)   accessor   callee changed to  jdk.internal.foreign.Utils::isElementAligned (48 bytes)    \-> TypeProfile (10404/10404 counts) = jdk/internal/foreign/layout/ValueLayouts$OfDoubleImpl
                                    @ 33   jdk.internal.foreign.layout.AbstractLayout::byteSize (5 bytes)   accessor
                                @ 8   jdk.internal.foreign.layout.ValueLayouts$AbstractValueLayout::varHandle (24 bytes)   force inline by annotation
                                @ 16   jdk.internal.foreign.layout.AbstractLayout::byteSize (5 bytes)   accessor
                                @ 22   java.lang.invoke.VarHandleGuards::guard_LJ_D (84 bytes)   force inline by annotation
                                  @ 3   java.lang.invoke.VarHandle::checkAccessModeThenIsDirect (29 bytes)   force inline by annotation
                                  @ 46   java.lang.invoke.VarForm::getMemberName (38 bytes)   force inline by annotation
                                    @ 13   java.lang.invoke.VarForm::resolveMemberName (91 bytes)   failed to inline: too big
                                  @ 49   java.lang.invoke.MethodHandle::linkToStatic(LLJL)D (0 bytes)   failed to inline: member_name not constant
                              @ 10   java.lang.invoke.VarHandleSegmentAsDoubles::get (53 bytes)   force inline by annotation
                                @ 11   java.lang.invoke.SegmentVarHandle::checkSegment (24 bytes)   force inline by annotation
                                  @ 1   java.util.Objects::requireNonNull (14 bytes)   force inline by annotation
                                    @ 8   java.lang.NullPointerException::<init> (5 bytes)   failed to inline: don't inline Throwable constructors
                                  @ 18   jdk.internal.foreign.AbstractMemorySegmentImpl::checkEnclosingLayout (68 bytes)   force inline by annotation
                                    @ 3   java.lang.foreign.MemoryLayout::byteSize (0 bytes)   failed to inline: no static binding
                                    @ 10   jdk.internal.foreign.AbstractMemorySegmentImpl::checkAccess (13 bytes)   force inline by annotation
                                      @ 3   jdk.internal.foreign.AbstractMemorySegmentImpl::checkReadOnly (23 bytes)   force inline by annotation
                                      @ 9   jdk.internal.foreign.AbstractMemorySegmentImpl::checkBounds (54 bytes)   force inline by annotation
                                        @ 16   jdk.internal.util.Preconditions::checkIndex (22 bytes)   intrinsic
                                        @ 49   jdk.internal.foreign.AbstractMemorySegmentImpl::outOfBoundException (36 bytes)   failed to inline: callee is too large
                                    @ 16   jdk.internal.foreign.AbstractMemorySegmentImpl::isAlignedForElement (12 bytes)   force inline by annotation
                                      @ 3   java.lang.foreign.MemoryLayout::byteAlignment (0 bytes)   failed to inline: no static binding
                                      @ 8   jdk.internal.foreign.AbstractMemorySegmentImpl::isAlignedForElement (26 bytes)   force inline by annotation
                                        @ 1   jdk.internal.foreign.NativeMemorySegmentImpl::unsafeGetOffset (5 bytes)   inline
                                        @ 7   jdk.internal.foreign.NativeMemorySegmentImpl::maxAlignMask (2 bytes)   inline
                                    @ 36   java.lang.Long::valueOf (40 bytes)   failed to inline: callee is too large
                                    @ 43   java.lang.foreign.MemoryLayout::byteAlignment (0 bytes)   failed to inline: no static binding
                                    @ 48   java.lang.Long::valueOf (40 bytes)   failed to inline: callee is too large
                                    @ 60   java.lang.String::format (16 bytes)   inline
                                      @ 4   java.util.Formatter::<init> (18 bytes)   inline
                                        @ 4   java.util.Locale::getDefault (63 bytes)   failed to inline: callee is too large
                                        @ 11   java.lang.StringBuilder::<init> (7 bytes)   inline
                                          @ 3   java.lang.AbstractStringBuilder::<init> (39 bytes)   failed to inline: callee is too large
                                        @ 14   java.util.Formatter::<init> (15 bytes)   inline
                                          @ 1   java.lang.Object::<init> (1 bytes)   inline
                                      @ 9   java.util.Formatter::format (11 bytes)   inline
                              @ 1   java.util.Objects::requireNonNull (14 bytes)   force inline by annotation
                                  !                        @ 7   java.util.Formatter::format (284 bytes)   failed to inline: callee is too large           @ 18   jdk.internal.foreign.AbstractMemorySegmentImpl::checkEnclosingLayout (68 bytes)   force inline by annotation
                                @ 3   jdk.internal.foreign.layout.AbstractLayout::byteSize (5 bytes)   accessor   callee changed to  jdk.internal.foreign.AbstractMemorySegmentImpl::checkEnclosingLayout (68 bytes)    \-> TypeProfile (23326/23326 counts) = jdk/internal/foreign/layout/ValueLayouts$OfDoubleImpl
                                @ 10   jdk.internal.foreign.AbstractMemorySegmentImpl::checkAccess (13 bytes)   force inline by annotation

                                                                @ 3   jdk.internal.foreign.AbstractMemorySegmentImpl::checkReadOnly (23 bytes)   force inline by annotation
                                  @ 9   jdk.internal.foreign.AbstractMemorySegmentImpl::checkBounds        @ 12   java.util.Formatter::toString (14 bytes)   inline
                               (54 bytes)   force inline by annotation
                                    @ 16            @ 1   java.util.Formatter::ensureOpen (16 bytes)   inline
 jdk.internal.util.Preconditions::checkIndex (22 bytes)   (intrinsic)
                                @ 16   jdk.internal.foreign.AbstractMemorySegmentImpl::isAlignedForElement (12 bytes)    @ 11  java/util/FormatterClosedException::<init> (not loaded)   failed to inline: not inlineable
   force inline by annotation
                                        @ 8                                    @ 3   jdk.internal.foreign.layout.AbstractLayout::byteAlignment (5 bytes)   accessor
                                  @ 8   jdk.internal.foreign.AbstractMemorySegmentImpl::isAlignedForElement java.lang.Object::toString (36 bytes)   failed to inline: no static binding
                                    @ 63   java.lang.IllegalArgumentException::<init> (6 bytes)   failed to inline: don't inline Throwable constructors
                                @ 21   jdk.internal.foreign.AbstractMemorySegmentImpl::sessionImpl (5 bytes)   force inline by annotation
                                @ 26   jdk.internal.foreign.NativeMemorySegmentImpl::unsafeGetBase (2 bytes)   inline
 (26 bytes)   force inline by annotation
                                    @ 1   jdk.internal.foreign.NativeMemorySegmentImpl::unsafeGetOffset (5 bytes)   accessor
                                @ 34   java.lang.invoke.SegmentVarHandle::offset (13 bytes)   force inline by annotation
                                  @ 1   jdk.internal.foreign.NativeMemorySegmentImpl::unsafeGetOffset (5 bytes)   inline
                                  !                @ 42   jdk.internal.misc.ScopedMemoryAccess::getLongUnaligned (18 bytes)   force inline by annotation
                          !                        @ 7   jdk.internal.foreign.NativeMemorySegmentImpl::maxAlignMask (2 bytes)   inline (hot)
@ 6   jdk.internal.misc.ScopedMemoryAccess::getLongUnalignedInternal (36 bytes)   force inline by annotation
                                    @ 5   jdk.internal.foreign.MemorySessionImpl::checkValidStateRaw (33 bytes)   force inline by annotation
                                      @ 11   java.lang.Thread::currentThread (0 bytes)   intrinsic
                                    @ 15   jdk.internal.misc.Unsafe::getLongUnaligned (12 bytes)   failed to inline: callee uses too much stack
                                    @ 30   java.lang.ref.Reference::reachabilityFence (1 bytes)   force inline by annotation
                                    @ 21   java.lang.ref.Reference::reachabilityFence (1 bytes)   force inline by annotation
                                  @ 14   jdk.internal.misc.ScopedMemoryAccess$ScopedAccessError::newRuntimeException (13 bytes)   inline
                                    @ 4   java.util.function.Supplier::get (0 bytes)   failed to inline: no static binding
                                @ 49   java.lang.Double::longBitsToDouble (0 bytes)   intrinsic
                              @ 11   java.lang.invoke.SegmentVarHandle::checkSegment (24 bytes)   force inline by annotation
                                @ 1   java.util.Objects::requireNonNull (14 bytes)   force inline by annotation
                                  @ 8   java.lang.NullPointerException::<init> (5 bytes)   failed to inline: don't inline Throwable constructors
                                @ 18   jdk.internal.foreign.AbstractMemorySegmentImpl::checkEnclosingLayout (68 bytes)   force inline by annotation
                                  @ 3   java.lang.foreign.MemoryLayout::byteSize (0 bytes)   failed to inline: no static binding
                                  @ 10   jdk.internal.foreign.AbstractMemorySegmentImpl::checkAccess (13 bytes)   force inline by annotation
                                    @ 3   jdk.internal.foreign.AbstractMemorySegmentImpl::checkReadOnly (23 bytes)   force inline by annotation
                                    @ 9   jdk.internal.foreign.AbstractMemorySegmentImpl::checkBounds (54 bytes)   force inline by annotation
                                      @ 16   jdk.internal.util.Preconditions::checkIndex (22 bytes)   intrinsic
                                      @ 49   jdk.internal.foreign.AbstractMemorySegmentImpl::outOfBoundException (36 bytes)   failed to inline: callee is too large
                                  @ 16   jdk.internal.foreign.AbstractMemorySegmentImpl::isAlignedForElement (12 bytes)   force inline by annotation
                                    @ 3   java.lang.foreign.MemoryLayout::byteAlignment (0 bytes)   failed to inline: no static binding
                                    @ 8   jdk.internal.foreign.AbstractMemorySegmentImpl::isAlignedForElement (26 bytes)   force inline by annotation
                                      @ 1   jdk.internal.foreign.NativeMemorySegmentImpl::unsafeGetOffset (5 bytes)   inline
                                      @ 7   jdk.internal.foreign.NativeMemorySegmentImpl::maxAlignMask (2 bytes)   inline
                                  @ 36   java.lang.Long::valueOf (40 bytes)   failed to inline: callee is too large
                                  @ 43   java.lang.foreign.MemoryLayout::byteAlignment (0 bytes)   failed to inline: no static binding
                                  @ 48   java.lang.Long::valueOf (40 bytes)   failed to inline: callee is too large
                                  @ 60   java.lang.String::format (16 bytes)   inline
                                    @ 4   java.util.Formatter::<init> (18 bytes)   inline
                                      @ 4   java.util.Locale::getDefault (63 bytes)   failed to inline: callee is too large
                                      @ 11   java.lang.StringBuilder::<init> (7 bytes)   inline
                                        @ 3   java.lang.AbstractStringBuilder::<init> (39 bytes)   failed to inline: callee is too large
                                      @ 14   java.util.Formatter::<init> (15 bytes)   inline
                                        @ 1   java.lang.Object::<init> (1 bytes)   inline
                                    @ 9   java.util.Formatter::format (11 bytes)   inline
               !                      @ 7   java.util.Formatter::format (284 bytes)   failed to inline: callee is too large
                                    @ 12   java.util.Formatter::toString (14 bytes)   inline
                                      @ 1   java.util.Formatter::ensureOpen (16 bytes)   inline
                                        @ 11  java/util/FormatterClosedException::<init> (not loaded)   failed to inline: not inlineable
                                      @ 8   java.lang.Object::toString (36 bytes)   failed to inline: no static binding
                                  @ 63   java.lang.IllegalArgumentException::<init> (6 bytes)   failed to inline: don't inline Throwable constructors
                              @ 21   jdk.internal.foreign.AbstractMemorySegmentImpl::sessionImpl (5 bytes)   force inline by annotation
                              @ 26   jdk.internal.foreign.NativeMemorySegmentImpl::unsafeGetBase (2 bytes)   inline
                              @ 34   java.lang.invoke.SegmentVarHandle::offset (13 bytes)   force inline by annotation
                                @ 1   jdk.internal.foreign.NativeMemorySegmentImpl::unsafeGetOffset (5 bytes)   inline
               !              @ 42   jdk.internal.misc.ScopedMemoryAccess::getLongUnaligned (18 bytes)   force inline by annotation
               !                @ 6   jdk.internal.misc.ScopedMemoryAccess::getLongUnalignedInternal (36 bytes)   force inline by annotation
                                  @ 5   jdk.internal.foreign.MemorySessionImpl::checkValidStateRaw (33 bytes)   force inline by annotation
                                    @ 11   java.lang.Thread::currentThread (0 bytes)   intrinsic
                                  @ 15   jdk.internal.misc.Unsafe::getLongUnaligned (12 bytes)   failed to inline: callee uses too much stack
                                  @ 30   java.lang.ref.Reference::reachabilityFence (1 bytes)   force inline by annotation
                                  @ 21   java.lang.ref.Reference::reachabilityFence (1 bytes)   force inline by annotation
                                @ 14   jdk.internal.misc.ScopedMemoryAccess$ScopedAccessError::newRuntimeException (13 bytes)   inline
                                  @ 4   java.util.function.Supplier::get (0 bytes)   failed to inline: no static binding
                              @ 49   java.lang.Double::longBitsToDouble (0 bytes)   intrinsic
                              @ 5   jdk.internal.misc.Unsafe::getLongUnaligned (173 bytes)   intrinsic
                                                   @ 10   java.lang.invoke.VarHandleSegmentAsDoubles::get (53 bytes)   force inline by annotation
                                @ 11   java.lang.invoke.SegmentVarHandle::         @ 8   jdk.internal.misc.Unsafe::convEndian (16 bytes)   inline
checkSegment (24 bytes)   force inline by annotation
                                  @ 1   java.util.Objects::requireNonNull (14 bytes)   force inline by annotation
                                  @ 18   jdk.internal.foreign.AbstractMemorySegmentImpl::checkEnclosingLayout (68 bytes)   force inline by annotation
                                    @ 3   jdk.internal.foreign.layout.AbstractLayout::byteSize (5 bytes)   accessor                                @ 12   java.lang.Long::reverseBytes (46 bytes)   callee changed to  jdk.internal.foreign.AbstractMemorySegmentImpl::checkEnclosingLayout (68 bytes)    \-> TypeProfile (27217/27217 counts) = jdk/internal/foreign/layout/ValueLayouts$OfDoubleImpl
                                    @ 10   jdk.internal.foreign.AbstractMemorySegmentImpl::checkAccess (13 bytes)   force inline by annotation
                                      @ 3   jdk.internal.foreign.AbstractMemorySegmentImpl::checkReadOnly (23 bytes)   force inline by annotation
                                      @ 9   jdk.internal.foreign.AbstractMemorySegmentImpl::checkBounds (54 bytes)   force inline by annotation
                                         failed to inline: callee is too large
  @ 16   jdk.internal.util.Preconditions::checkIndex (22 bytes)   (intrinsic)
                                    @ 16   jdk.internal.foreign.AbstractMemorySegmentImpl::isAlignedForElement (12 bytes)   force inline by annotation
                                      @ 3   jdk.internal.foreign.layout.AbstractLayout::byteAlignment (5 bytes)   accessor
                       !                   @ 6   jdk.internal.misc.ScopedMemoryAccess::getLongUnalignedInternal (36 bytes)   force inline by annotation
                                            @ 8   jdk.internal.foreign.AbstractMemorySegmentImpl::isAlignedForElement (26 bytes)   force inline by annotation
                                        @ 1               @ 5   jdk.internal.foreign.MemorySessionImpl::checkValidStateRaw (33 bytes)   force inline by annotation
 jdk.internal.foreign.NativeMemorySegmentImpl::unsafeGetOffset (5 bytes)   accessor
                                               @ 11   java.lang.Thread::currentThread (0 bytes)   intrinsic
                           @ 7   jdk.internal.foreign.NativeMemorySegmentImpl::maxAlignMask (2 bytes)   inline (hot)
                                @ 21   jdk.internal.foreign.AbstractMemorySegmentImpl::sessionImpl (5 bytes)   accessor
                                                              @ 15   jdk.internal.misc.Unsafe::getLongUnaligned  @ 26   jdk.internal.foreign.NativeMemorySegmentImpl::unsafeGetBase (2 bytes)   inline (hot)
                           (12 bytes)   failed to inline: callee uses too much stack
                         @ 34   java.lang.invoke.SegmentVarHandle::offset (13 bytes)   force inline by annotation
                                  @ 30   java.lang.ref.Reference::reachabilityFence (1 bytes)   force inline by annotation
                                         @ 21   java.lang.ref.Reference::reachabilityFence (1 bytes)   force inline by annotation
                                  @ 1   jdk.internal.foreign.NativeMemorySegmentImpl::unsafeGetOffset (5 bytes)   accessor
               !          @ 14   jdk.internal.misc.ScopedMemoryAccess$ScopedAccessError::newRuntimeException (13 bytes)   inline
                                    @ 4   java.util.function.Supplier::get  @ 42   jdk.internal.misc.ScopedMemoryAccess::getLongUnaligned (18 bytes)   force inline by annotation
               !    (0 bytes)   failed to inline: no static binding
               @ 6   jdk.internal.misc.ScopedMemoryAccess::getLongUnalignedInternal (36 bytes)   force inline by annotation
                                    @ 5   jdk.internal.foreign.MemorySessionImpl::checkValidStateRaw (33 bytes)   force inline by annotation
                                    @ 15   jdk.internal.misc.Unsafe::getLongUnaligned (12 bytes)   inline (hot)
                                      @ 5   jdk.internal.misc.Unsafe::getLongUnaligned (173 bytes)   (intrinsic)
                                      @ 8   jdk.internal.misc.Unsafe::convEndian (16 bytes)   inline (hot)
                                    @ 21   java.lang.ref.Reference::reachabilityFence (1 bytes)   force inline by annotation
                                @ 49   java.lang.Double::longBitsToDouble (0 bytes)                              @ 5   jdk.internal.foreign.MemorySessionImpl::checkValidStateRaw (33 bytes)   (intrinsic)
   force inline by annotation
                                @ 11   java.lang.Thread::currentThread (0 bytes)   intrinsic
                              @ 15   jdk.internal.misc.Unsafe::getLongUnaligned (12 bytes)   failed to inline: callee uses too much stack
                              @ 30   java.lang.ref.Reference::reachabilityFence (1 bytes)   force inline by annotation
                              @ 21   java.lang.ref.Reference::reachabilityFence (1 bytes)   force inline by annotation
                              @ 4   jdk.internal.foreign.Utils::checkElementAlignment (17 bytes)   force inline by annotation
                                @ 1   jdk.internal.foreign.Utils::isElementAligned (48 bytes)   force inline by annotation
                                  @ 27   java.lang.foreign.ValueLayout::byteAlignment (10 bytes)   failed to inline: no static binding
                                  @ 33   java.lang.foreign.ValueLayout::byteSize (10 bytes)   failed to inline: no static binding
                                @ 12   java.lang.IllegalArgumentException::<init> (6 bytes)   failed to inline: don't inline Throwable constructors
                              @ 8   jdk.internal.foreign.layout.ValueLayouts$AbstractValueLayout::varHandle (24 bytes)   force inline by annotation
                                @ 13   jdk.internal.foreign.layout.AbstractLayout::varHandleInternal (23 bytes)   inline
                                  @ 4   jdk.internal.foreign.LayoutPath::rootPath (20 bytes)   failed to inline: callee uses too much stack
                                  @ 7   java.lang.invoke.Invokers$Holder::linkToTargetMethod (8 bytes)   force inline by annotation
                                    @ 4   java.lang.invoke.LambdaForm$Holder::constant_L (8 bytes)   force inline by annotation
                                  @ 12   java.util.Set::of (4 bytes)   inline
                                  @ 16   jdk.internal.foreign.layout.AbstractLayout::computePathOp (113 bytes)   failed to inline: callee is too large
                              @ 16   jdk.internal.foreign.layout.AbstractLayout::byteSize (5 bytes)   inline
                              @ 22   java.lang.invoke.VarHandleGuards::guard_LJ_D (84 bytes)   force inline by annotation
                                @ 3   java.lang.invoke.VarHandle::checkAccessModeThenIsDirect (29 bytes)   force inline by annotation
                                  @ 12   java.lang.invoke.VarHandle::accessModeType (41 bytes)   force inline by annotation
                                    @ 33   java.lang.invoke.VarHandle::accessModeTypeUncached (10 bytes)   inline
                                      @ 1   java.lang.invoke.VarHandle$AccessType::values (10 bytes)   inline
                                        @ 3   java.lang.Object::clone (0 bytes)   failed to inline: native method
                                      @ 6   java.lang.invoke.VarHandle::accessModeTypeUncached (0 bytes)   failed to inline: no static binding
                                  @ 24   java.lang.invoke.VarHandle::throwWrongMethodTypeException (46 bytes)   failed to inline: don't inline by annotation
                                @ 46   java.lang.invoke.VarForm::getMemberName (38 bytes)   force inline by annotation
                                  @ 13   java.lang.invoke.VarForm::resolveMemberName (91 bytes)   failed to inline: don't inline by annotation
                                  @ 26   java.lang.invoke.VarHandle$AccessMode::valueFromOrdinal (6 bytes)   inline
                                  @ 29   java.lang.invoke.VarHandle$AccessMode::methodName (5 bytes)   inline
                                  @ 32   java.lang.UnsupportedOperationException::<init> (6 bytes)   failed to inline: callee's klass not linked yet
                                @ 49   java.lang.invoke.MethodHandle::linkToStatic(LLJL)D (0 bytes)   failed to inline: MemberName not constant
                                @ 59   java.lang.invoke.VarHandle::getMethodHandle (41 bytes)   force inline by annotation
                                  @ 33   java.lang.invoke.VarHandle::getMethodHandleUncached (85 bytes)   failed to inline: callee is too large
                                @ 71   java.lang.invoke.MethodHandle::asType (28 bytes)   force inline by annotation
                                  @ 12   java.lang.invoke.MethodHandle::asTypeCached (52 bytes)   failed to inline: callee is too large
                                  @ 24   java.lang.invoke.MethodHandle::setAsTypeCache (39 bytes)   failed to inline: don't inline by annotation
                                @ 75   java.lang.invoke.VarHandle::asDirect (2 bytes)   force inline by annotation
                                @ 80   java.lang.invoke.MethodHandle::invokeBasic(LLJ)D (0 bytes)   failed to inline: receiver not constant
                              @ 3   java.lang.invoke.VarHandle::checkAccessModeThenIsDirect (29 bytes)   force inline by annotation
                                @ 12   java.lang.invoke.VarHandle::accessModeType (41 bytes)   force inline by annotation
                                  @ 33   java.lang.invoke.VarHandle::accessModeTypeUncached (10 bytes)   inline
                                    @ 1   java.lang.invoke.VarHandle$AccessType::values (10 bytes)   inline
                                      @ 3   java.lang.Object::clone (0 bytes)   failed to inline: native method
                                    @ 6   java.lang.invoke.VarHandle::accessModeTypeUncached (0 bytes)   failed to inline: no static binding
                                @ 24   java.lang.invoke.VarHandle::throwWrongMethodTypeException (46 bytes)   failed to inline: don't inline by annotation
                              @ 46   java.lang.invoke.VarForm::getMemberName (38 bytes)   force inline by annotation
                                @ 13   java.lang.invoke.VarForm::resolveMemberName (91 bytes)   failed to inline: don't inline by annotation
                                @ 26   java.lang.invoke.VarHandle$AccessMode::valueFromOrdinal (6 bytes)   inline
                                @ 29   java.lang.invoke.VarHandle$AccessMode::methodName (5 bytes)   inline
                                @ 32   java.lang.UnsupportedOperationException::<init> (6 bytes)   failed to inline: callee's klass not linked yet
                              @ 49   java.lang.invoke.MethodHandle::linkToStatic(LLJL)D (0 bytes)   failed to inline: MemberName not constant
                              @ 59   java.lang.invoke.VarHandle::getMethodHandle (41 bytes)   force inline by annotation
                                @ 33   java.lang.invoke.VarHandle::getMethodHandleUncached (85 bytes)   failed to inline: callee is too large
                              @ 71   java.lang.invoke.MethodHandle::asType (28 bytes)   force inline by annotation
                                @ 12   java.lang.invoke.MethodHandle::asTypeCached (52 bytes)   failed to inline: callee is too large
                                @ 24   java.lang.invoke.MethodHandle::setAsTypeCache (39 bytes)   failed to inline: don't inline by annotation
                              @ 75   java.lang.invoke.VarHandle::asDirect (2 bytes)   force inline by annotation
                              @ 80   java.lang.invoke.MethodHandle::invokeBasic(LLJ)D (0 bytes)   failed to inline: receiver not constant
                              @ 20   com.cohort.array.DoubleArray::get (42 bytes)   inline (hot)
                                @ 36   jdk.internal.foreign.AbstractMemorySegmentImpl::getAtIndex (26 bytes)   force inline by annotation   callee changed to  com.cohort.array.DoubleArray::get (42 bytes)    \-> TypeProfile (15704/15704 counts) = jdk/internal/foreign/NativeMemorySegmentImpl
                                  @ 4   jdk.internal.foreign.Utils::checkElementAlignment (17 bytes)   force inline by annotation
                                    @ 1   jdk.internal.foreign.Utils::isElementAligned (48 bytes)   force inline by annotation
                                      @ 27   jdk.internal.foreign.layout.AbstractLayout::byteAlignment (5 bytes)   accessor   callee changed to  jdk.internal.foreign.Utils::isElementAligned (48 bytes)    \-> TypeProfile (15640/15640 counts) = jdk/internal/foreign/layout/ValueLayouts$OfDoubleImpl
                                      @ 33   jdk.internal.foreign.layout.AbstractLayout::byteSize (5 bytes)   accessor
                                  @ 8   jdk.internal.foreign.layout.ValueLayouts$AbstractValueLayout::varHandle (24 bytes)   force inline by annotation
                                  @ 16   jdk.internal.foreign.layout.AbstractLayout::byteSize (5 bytes)   accessor
                                  @ 22   java.lang.invoke.VarHandleGuards::guard_LJ_D (84 bytes)   force inline by annotation
                                    @ 3   java.lang.invoke.VarHandle::checkAccessModeThenIsDirect (29 bytes)   force inline by annotation
                                    @ 46   java.lang.invoke.VarForm::getMemberName (38 bytes)   force inline by annotation
                                      @ 13   java.lang.invoke.VarForm::resolveMemberName (91 bytes)   failed to inline: too big
                                    @ 49   java.lang.invoke.MethodHandle::linkToStatic(LLJL)D (0 bytes)   failed to inline: member_name not constant
                              @ 31   com.cohort.array.DoubleArray::get (42 bytes)   inline (hot)
                                @ 36   jdk.internal.foreign.AbstractMemorySegmentImpl::getAtIndex (26 bytes)   force inline by annotation   callee changed to  com.cohort.array.DoubleArray::get (42 bytes)    \-> TypeProfile (15704/15704 counts) = jdk/internal/foreign/NativeMemorySegmentImpl
                                  @ 4   jdk.internal.foreign.Utils::checkElementAlignment (17 bytes)   force inline by annotation
                                    @ 1   jdk.internal.foreign.Utils::isElementAligned (48 bytes)   force inline by annotation
                                      @ 27   jdk.internal.foreign.layout.AbstractLayout::byteAlignment (5 bytes)   accessor   callee changed to  jdk.internal.foreign.Utils::isElementAligned (48 bytes)    \-> TypeProfile (15640/15640 counts) = jdk/internal/foreign/layout/ValueLayouts$OfDoubleImpl
                                      @ 33   jdk.internal.foreign.layout.AbstractLayout::byteSize (5 bytes)   accessor
                                  @ 8   jdk.internal.foreign.layout.ValueLayouts$AbstractValueLayout::varHandle (24 bytes)   force inline by annotation
                                  @ 16   jdk.internal.foreign.layout.AbstractLayout::byteSize (5 bytes)   accessor
                                  @ 22   java.lang.invoke.VarHandleGuards::guard_LJ_D (84 bytes)   force inline by annotation
                                    @ 3   java.lang.invoke.VarHandle::checkAccessModeThenIsDirect (29 bytes)   force inline by annotation
                                    @ 46   java.lang.invoke.VarForm::getMemberName (38 bytes)   force inline by annotation
                                      @ 13   java.lang.invoke.VarForm::resolveMemberName (91 bytes)   failed to inline: too big
                                    @ 49   java.lang.invoke.MethodHandle::linkToStatic(LLJL)D (0 bytes)   failed to inline: member_name not constant
                              @ 6   jdk.internal.foreign.AbstractMemorySegmentImpl::<init> (21 bytes)   force inline by annotation
                                @ 1   java.lang.Object::<init> (1 bytes)   inline
        Warmup complete. Starting benchmark trials...

                      @ 10   jdk.internal.misc.Unsafe::getUnsafe (4 bytes)   inline
                              @ 13   jdk.internal.misc.Unsafe::addressSize (4 bytes)   inline
--- Trial 1 ---
                              @ 1   java.lang.Object::<init> (1 bytes)   inline
                              @ 3   jdk.internal.foreign.AbstractMemorySegmentImpl::asSlice (13 bytes)   failed to inline: callee uses too much stack
                              @ 3   jdk.internal.foreign.AbstractMemorySegmentImpl::checkBounds (54 bytes)   force inline by annotation
                                @ 16   jdk.internal.util.Preconditions::checkIndex (22 bytes)   intrinsic
                                @ 49   jdk.internal.foreign.AbstractMemorySegmentImpl::outOfBoundException (36 bytes)   failed to inline: callee is too large
                              @ 9   jdk.internal.foreign.AbstractMemorySegmentImpl::asSliceNoCheck (15 bytes)   failed to inline: callee uses too much stack
                              @ 11   jdk.internal.foreign.AbstractMemorySegmentImpl::dup (0 bytes)   failed to inline: no static binding
                              @ 7   jdk.internal.foreign.NativeMemorySegmentImpl::dup (19 bytes)   force inline by annotation
                                @ 15   jdk.internal.foreign.NativeMemorySegmentImpl::<init> (33 bytes)   force inline by annotation
                                  @ 6   jdk.internal.foreign.AbstractMemorySegmentImpl::<init> (21 bytes)   force inline by annotation
                                    @ 1   java.lang.Object::<init> (1 bytes)   inline
                                  @ 10   jdk.internal.misc.Unsafe::getUnsafe (4 bytes)   inline
                                  @ 13   jdk.internal.misc.Unsafe::addressSize (4 bytes)   inline
                              @ 15   jdk.internal.foreign.NativeMemorySegmentImpl::<init> (33 bytes)   force inline by annotation
                                @ 6   jdk.internal.foreign.AbstractMemorySegmentImpl::<init> (21 bytes)   force inline by annotation
                                  @ 1   java.lang.Object::<init> (1 bytes)   inline
                                @ 10   jdk.internal.misc.Unsafe::getUnsafe (4 bytes)   inline
                                @ 13   jdk.internal.misc.Unsafe::addressSize (4 bytes)   inline
                              @ 3   com.cohort.array.PrimitiveArray::size (5 bytes)   inline
                              @ 20   com.cohort.array.DoubleArray::get (42 bytes)   failed to inline: callee is too large
                              @ 3   com.cohort.array.PrimitiveArray::size (5 bytes)   inline
                              @ 20   com.cohort.array.DoubleArray::get (42 bytes)   failed to inline: callee is too large
                              @ 20   com.cohort.array.DoubleArray::get (42 bytes)   inline (hot)
                                @ 36   jdk.internal.foreign.AbstractMemorySegmentImpl::getAtIndex (26 bytes)   force inline by annotation   callee changed to  com.cohort.array.DoubleArray::get (42 bytes)    \-> TypeProfile (15704/15704 counts) = jdk/internal/foreign/NativeMemorySegmentImpl
                                  @ 4   jdk.internal.foreign.Utils::checkElementAlignment (17 bytes)   force inline by annotation
                                    @ 1   jdk.internal.foreign.Utils::isElementAligned (48 bytes)   force inline by annotation
                                      @ 27   jdk.internal.foreign.layout.AbstractLayout::byteAlignment (5 bytes)   accessor   callee changed to  jdk.internal.foreign.Utils::isElementAligned (48 bytes)    \-> TypeProfile (15640/15640 counts) = jdk/internal/foreign/layout/ValueLayouts$OfDoubleImpl
                                      @ 33   jdk.internal.foreign.layout.AbstractLayout::byteSize (5 bytes)   accessor
                                  @ 8   jdk.internal.foreign.layout.ValueLayouts$AbstractValueLayout::varHandle (24 bytes)   force inline by annotation
                                  @ 16   jdk.internal.foreign.layout.AbstractLayout::byteSize (5 bytes)   accessor
                                  @ 22   java.lang.invoke.VarHandleGuards::guard_LJ_D (84 bytes)   force inline by annotation
                                    @ 3   java.lang.invoke.VarHandle::checkAccessModeThenIsDirect (29 bytes)   force inline by annotation
                                    @ 46   java.lang.invoke.VarForm::getMemberName (38 bytes)   force inline by annotation
                                      @ 13   java.lang.invoke.VarForm::resolveMemberName (91 bytes)   failed to inline: too big
                                    @ 49   java.lang.invoke.MethodHandle::linkToStatic(LLJL)D (0 bytes)   failed to inline: member_name not constant
Sequential Reads -> Standard: 19.73 ms, Panama: 139.31 ms (CheckSums: 5000837.73 vs 5000837.73)
                              @ 31   com.cohort.array.DoubleArray::get (42 bytes)   failed to inline: callee is too large
                              @ 31   com.cohort.array.DoubleArray::get (42 bytes)   failed to inline: callee is too large
                              @ 31   com.cohort.array.DoubleArray::get (42 bytes)   inline (hot)
                                @ 36   jdk.internal.foreign.AbstractMemorySegmentImpl::getAtIndex (26 bytes)   force inline by annotation   callee changed to  com.cohort.array.DoubleArray::get (42 bytes)    \-> TypeProfile (15704/15704 counts) = jdk/internal/foreign/NativeMemorySegmentImpl
                                  @ 4   jdk.internal.foreign.Utils::checkElementAlignment (17 bytes)   force inline by annotation
                                    @ 1   jdk.internal.foreign.Utils::isElementAligned (48 bytes)   force inline by annotation
                                      @ 27   jdk.internal.foreign.layout.AbstractLayout::byteAlignment (5 bytes)   accessor   callee changed to  jdk.internal.foreign.Utils::isElementAligned (48 bytes)    \-> TypeProfile (15640/15640 counts) = jdk/internal/foreign/layout/ValueLayouts$OfDoubleImpl
                                      @ 33   jdk.internal.foreign.layout.AbstractLayout::byteSize (5 bytes)   accessor
                                  @ 8   jdk.internal.foreign.layout.ValueLayouts$AbstractValueLayout::varHandle (24 bytes)   force inline by annotation
                                  @ 16   jdk.internal.foreign.layout.AbstractLayout::byteSize (5 bytes)   accessor
                                  @ 22   java.lang.invoke.VarHandleGuards::guard_LJ_D (84 bytes)   force inline by annotation
                                    @ 3   java.lang.invoke.VarHandle::checkAccessModeThenIsDirect (29 bytes)   force inline by annotation
                                    @ 46   java.lang.invoke.VarForm::getMemberName (38 bytes)   force inline by annotation
                                      @ 13   java.lang.invoke.VarForm::resolveMemberName (91 bytes)   failed to inline: too big
                                    @ 49   java.lang.invoke.MethodHandle::linkToStatic(LLJL)D (0 bytes)   failed to inline: member_name not constant
                              @ 31   com.cohort.array.DoubleArray::get (42 bytes)   inline (hot)
                                @ 36   jdk.internal.foreign.AbstractMemorySegmentImpl::getAtIndex (26 bytes)   force inline by annotation   callee changed to  com.cohort.array.DoubleArray::get (42 bytes)    \-> TypeProfile (15704/15704 counts) = jdk/internal/foreign/NativeMemorySegmentImpl
                                  @ 4   jdk.internal.foreign.Utils::checkElementAlignment (17 bytes)   force inline by annotation
                                    @ 1   jdk.internal.foreign.Utils::isElementAligned (48 bytes)   force inline by annotation
                                      @ 27   jdk.internal.foreign.layout.AbstractLayout::byteAlignment (5 bytes)   accessor   callee changed to  jdk.internal.foreign.Utils::isElementAligned (48 bytes)    \-> TypeProfile (15640/15640 counts) = jdk/internal/foreign/layout/ValueLayouts$OfDoubleImpl
                                      @ 33   jdk.internal.foreign.layout.AbstractLayout::byteSize (5 bytes)   accessor
                                  @ 8   jdk.internal.foreign.layout.ValueLayouts$AbstractValueLayout::varHandle (24 bytes)   force inline by annotation
                                  @ 16   jdk.internal.foreign.layout.AbstractLayout::byteSize (5 bytes)   accessor
                                  @ 22   java.lang.invoke.VarHandleGuards::guard_LJ_D (84 bytes)   force inline by annotation
                                    @ 3   java.lang.invoke.VarHandle::checkAccessModeThenIsDirect (29 bytes)   force inline by annotation
                                    @ 46   java.lang.invoke.VarForm::getMemberName (38 bytes)   force inline by annotation
                                      @ 13   java.lang.invoke.VarForm::resolveMemberName (91 bytes)   failed to inline: too big
                                    @ 49   java.lang.invoke.MethodHandle::linkToStatic(LLJL)D (0 bytes)   failed to inline: member_name not constant
Random/Stride    -> Standard: 20.99 ms, Panama: 84.51 ms (CheckSums: 500038.57 vs 500038.57)
Slicing/Subsets  -> Standard (ArrayCopy): 23.65 ms, Panama (Zero-Copy): 0.2764 ms (Length: 5000000)

--- Trial 2 ---
                              @ 3   com.cohort.array.PrimitiveArray::size (5 bytes)   accessor
                              @ 20   com.cohort.array.DoubleArray::get (42 bytes)   inline (hot)
                                @ 36   jdk.internal.foreign.AbstractMemorySegmentImpl::getAtIndex (26 bytes)   force inline by annotation   callee changed to  com.cohort.array.DoubleArray::get (42 bytes)    \-> TypeProfile (15704/15704 counts) = jdk/internal/foreign/NativeMemorySegmentImpl
                                  @ 4   jdk.internal.foreign.Utils::checkElementAlignment (17 bytes)   force inline by annotation
                                    @ 1   jdk.internal.foreign.Utils::isElementAligned (48 bytes)   force inline by annotation
                                      @ 27   jdk.internal.foreign.layout.AbstractLayout::byteAlignment (5 bytes)   accessor   callee changed to  jdk.internal.foreign.Utils::isElementAligned (48 bytes)    \-> TypeProfile (15640/15640 counts) = jdk/internal/foreign/layout/ValueLayouts$OfDoubleImpl
                                      @ 33   jdk.internal.foreign.layout.AbstractLayout::byteSize (5 bytes)   accessor
                                  @ 8   jdk.internal.foreign.layout.ValueLayouts$AbstractValueLayout::varHandle (24 bytes)   force inline by annotation
                                  @ 16   jdk.internal.foreign.layout.AbstractLayout::byteSize (5 bytes)   accessor
                                  @ 22   java.lang.invoke.VarHandleGuards::guard_LJ_D (84 bytes)   force inline by annotation
                                    @ 3   java.lang.invoke.VarHandle::checkAccessModeThenIsDirect (29 bytes)   force inline by annotation
                                    @ 46   java.lang.invoke.VarForm::getMemberName (38 bytes)   force inline by annotation
                                      @ 13   java.lang.invoke.VarForm::resolveMemberName (91 bytes)   failed to inline: too big
                                    @ 49   java.lang.invoke.MethodHandle::linkToStatic(LLJL)D (0 bytes)   failed to inline: member_name not constant
Sequential Reads -> Standard: 16.98 ms, Panama: 136.48 ms (CheckSums: 5000837.73 vs 5000837.73)
Random/Stride    -> Standard: 26.94 ms, Panama: 85.07 ms (CheckSums: 500038.57 vs 500038.57)
                              @ 2   java.lang.AbstractStringBuilder::charAt (51 bytes)   failed to inline: callee is too large
                              @ 18   java.lang.Math::min (11 bytes)   inline
                              @ 26   java.lang.String::checkIndex (10 bytes)   inline
                                @ 5   jdk.internal.util.Preconditions::checkIndex (18 bytes)   intrinsic
                              @ 30   java.lang.AbstractStringBuilder::isLatin1 (16 bytes)   inline
                              @ 47   java.lang.StringUTF16::getChar (60 bytes)   intrinsic
Slicing/Subsets  -> Standard (ArrayCopy): 23.82 ms, Panama (Zero-Copy): 0.3587 ms (Length: 5000000)

--- Trial 3 ---
                              @ 11   java.lang.UnsupportedOperationException::<init> (5 bytes)   failed to inline: callee's klass not linked yet
                              @ 26  java/nio/ReadOnlyBufferException::<init> (not loaded)   failed to inline: not inlineable
Sequential Reads -> Standard: 17.09 ms, Panama: 131.52 ms (CheckSums: 5000837.73 vs 5000837.73)
                              @ 11   java.lang.Object::toString (36 bytes)   failed to inline: no static binding
                              @ 28   java.nio.Buffer::createPositionException (104 bytes)   failed to inline: callee is too large
Random/Stride    -> Standard: 21.72 ms, Panama: 82.93 ms (CheckSums: 500038.57 vs 500038.57)
                              @ 11   java.lang.UnsupportedOperationException::<init> (5 bytes)   failed to inline: callee's klass not linked yet
                              @ 26  java/nio/ReadOnlyBufferException::<init> (not loaded)   failed to inline: not inlineable
Slicing/Subsets  -> Standard (ArrayCopy): 15.51 ms, Panama (Zero-Copy): 0.1664 ms (Length: 5000000)

--- Trial 4 ---
Sequential Reads -> Standard: 17.28 ms, Panama: 130.46 ms (CheckSums: 5000837.73 vs 5000837.73)
Random/Stride    -> Standard: 20.93 ms, Panama: 81.78 ms (CheckSums: 500038.57 vs 500038.57)
Slicing/Subsets  -> Standard (ArrayCopy): 14.81 ms, Panama (Zero-Copy): 0.2584 ms (Length: 5000000)

                              @ 13   java.io.IOException::<init> (6 bytes)   failed to inline: don't inline Throwable constructors
--- Trial 5 ---
                              @ 13   java.io.IOException::<init> (6 bytes)   failed to inline: don't inline Throwable constructors
Sequential Reads -> Standard: 17.00 ms, Panama: 130.81 ms (CheckSums: 5000837.73 vs 5000837.73)
Random/Stride    -> Standard: 22.04 ms, Panama: 82.90 ms (CheckSums: 500038.57 vs 500038.57)
Slicing/Subsets  -> Standard (ArrayCopy): 12.19 ms, Panama (Zero-Copy): 0.2986 ms (Length: 5000000)

=================================================
  Benchmark Results (Average of 5 Trials)
=================================================
1. Sequential Reads:
   Standard: 17.61 ms
   Panama:   133.71 ms
2. Random/Stride Access:
   Standard: 22.52 ms
   Panama:   83.44 ms
3. Slicing / Subsetting:
   Standard (ArrayCopy): 17.99 ms
   Panama (Zero-Copy):   0.2717 ms (Significant GC Pressure Reduction)
=================================================
                              @ 3   jdk.internal.foreign.AbstractMemorySegmentImpl::asSlice (13 bytes)   inline (hot)
                                @ 3   jdk.internal.foreign.AbstractMemorySegmentImpl::checkBounds (54 bytes)   force inline by annotation
                                  @ 16   jdk.internal.util.Preconditions::checkIndex (22 bytes)   (intrinsic)
                                @ 9   jdk.internal.foreign.AbstractMemorySegmentImpl::asSliceNoCheck (15 bytes)   inline (hot)
                                  @ 11   jdk.internal.foreign.NativeMemorySegmentImpl::dup (11 bytes)   force inline by annotation
                                    @ 7   jdk.internal.foreign.NativeMemorySegmentImpl::dup (19 bytes)   force inline by annotation
                                      @ 15   jdk.internal.foreign.NativeMemorySegmentImpl::<init> (33 bytes)   force inline by annotation
                                        @ 6   jdk.internal.foreign.AbstractMemorySegmentImpl::<init> (21 bytes)   force inline by annotation
                                          @ 1   java.lang.Object::<init> (1 bytes)   inline (hot)
                                        @ 10   jdk.internal.misc.Unsafe::getUnsafe (4 bytes)   inline (hot)
                                        @ 13   jdk.internal.misc.Unsafe::addressSize (4 bytes)   inline (hot)
